ScrapeTimestamp,IndexCode,SYMBOL,NAME,LDCP,CURRENT,CHANGE,CHANGE (%),IDX WTG (%),IDX POINT,VOLUME,FREEFLOAT (M),MARKET CAP (M)
2026-07-10 04:19:31,KSE100,CNERGY,Cnergyico PK Limited,9.40,9.40,0.68,7.80%,0.25%,0.00,"211,683,514","1,373","12,910"
2026-07-10 04:19:31,KSE100,KEL,K-Electric Limited,7.94,7.94,0.08,1.02%,0.42%,0.00,"37,386,049","2,762","21,926"
2026-07-10 04:19:31,KSE100,BOP,The Bank of Punjab,35.96,35.96,0.03,0.08%,0.96%,0.00,"25,570,461","1,382","49,697"
2026-07-10 04:19:31,KSE100,PAEL,Pak Elektron Limited,45.07,45.07,0.42,0.94%,0.44%,0.00,"16,648,405",508,"22,896"
2026-07-10 04:19:31,KSE100,LOTCHEM,Lotte Chemical Pakistan Limited,30.43,30.43,0.91,3.08%,0.22%,0.00,"12,838,937",379,"11,519"
2026-07-10 04:19:31,KSE100,TPLRF1,TPL REIT Fund I,10.04,10.04,-0.16,-1.57%,0.23%,0.00,"11,284,697","1,193","11,975"
2026-07-10 04:19:31,KSE100,MLCF,Maple Leaf Cement Factory Limited,102.77,102.77,0.60,0.59%,0.93%,0.00,"10,892,169",471,"48,446"
2026-07-10 04:19:31,KSE100,SSGC,Sui Southern Gas Company Limited,31.07,31.07,0.77,2.54%,0.20%,0.00,"10,422,882",337,"10,466"
2026-07-10 04:19:31,KSE100,PIBTL,Pakistan International Bulk Terminal,18.02,18.02,0.19,1.07%,0.28%,0.00,"8,619,934",804,"14,483"
2026-07-10 04:19:31,KSE100,FCCL,Fauji Cement Company Limited,55.47,55.47,-0.71,-1.26%,0.92%,0.00,"7,764,296",858,"47,621"
2026-07-10 04:19:31,KSE100,BAFL,Bank Alfalah Limited,58.76,58.76,-0.50,-0.84%,1.61%,0.00,"7,637,862","1,419","83,407"
2026-07-10 04:19:31,KSE100,PSX,Pakistan Stock Exchange Limited,54.73,54.73,0.87,1.62%,0.51%,0.00,"7,421,729",481,"26,319"
2026-07-10 04:19:31,KSE100,AKBL,Askari Bank Limited,108.49,108.49,-3.85,-3.43%,0.91%,0.00,"7,178,463",435,"47,170"
2026-07-10 04:19:31,KSE100,KAPCO,Kot Addu Power Company Limited,28.02,28.02,0.48,1.74%,0.25%,0.00,"6,503,436",457,"12,794"
2026-07-10 04:19:31,KSE100,DGKC,D.G. Khan Cement Company Limited,223.30,223.30,-0.99,-0.44%,0.94%,0.00,"6,095,348",219,"48,916"
2026-07-10 04:19:31,KSE100,NBP,National Bank of Pakistan,209.67,209.67,-1.98,-0.94%,2.06%,0.00,"5,289,247",510,"106,934"
2026-07-10 04:19:31,KSE100,PTC,Pakistan Telecommunication Company Ltd,70.84,70.84,0.48,0.68%,0.81%,0.00,"4,840,211",593,"42,030"
2026-07-10 04:19:31,KSE100,FFL,Fauji Foods Limited,17.48,17.48,-0.05,-0.29%,0.17%,0.00,"4,829,237",504,"8,810"
2026-07-10 04:19:31,KSE100,PPL,Pakistan Petroleum Limited,235.62,235.62,-3.16,-1.32%,3.04%,0.00,"4,486,245",669,"157,741"
2026-07-10 04:19:31,KSE100,GAL,Ghandhara Automobiles Limited,595.45,595.45,33.66,5.99%,0.26%,0.00,"4,443,510",23,"13,577"
2026-07-10 04:19:31,KSE100,SEARL,The Searle Company Limited,95.48,95.48,0.42,0.44%,0.54%,0.00,"3,857,804",294,"28,082"
2026-07-10 04:19:31,KSE100,UBL,United Bank Limited,479.01,479.01,1.41,0.30%,8.10%,0.00,"3,377,560",876,"419,846"
2026-07-10 04:19:31,KSE100,MEBL,Meezan Bank Limited,544.60,544.60,-12.47,-2.24%,4.73%,0.00,"3,260,137",450,"245,146"
2026-07-10 04:19:31,KSE100,HUMNL,Hum Network Limited,11.11,11.11,0.09,0.82%,0.12%,0.00,"2,771,390",567,"6,299"
2026-07-10 04:19:31,KSE100,OGDC,Oil & Gas Development Company Limited,333.55,333.55,-1.90,-0.57%,4.15%,0.00,"2,768,250",645,"215,186"
2026-07-10 04:19:31,KSE100,HUBC,The Hub Power Company Limited,226.93,226.93,-0.48,-0.21%,4.26%,0.00,"2,504,096",973,"220,772"
2026-07-10 04:19:31,KSE100,AHCL,Arif Habib Corporation Limited,15.81,15.81,0.19,1.22%,0.26%,0.00,"2,486,065",843,"13,334"
2026-07-10 04:19:31,KSE100,PSO,Pakistan State Oil Company Limited,350.67,350.67,0.01,0.00%,1.59%,0.00,"2,269,347",235,"82,315"
2026-07-10 04:19:31,KSE100,NML,Nishat Mills Limited,153.56,153.56,-1.52,-0.98%,0.47%,0.00,"2,262,066",158,"24,296"
2026-07-10 04:19:31,KSE100,SNGP,Sui Northern Gas Pipelines Limited,114.23,114.23,0.37,0.33%,0.56%,0.00,"2,219,239",254,"28,979"
2026-07-10 04:19:31,KSE100,LUCK,Lucky Cement Limited,466.59,466.59,1.60,0.34%,3.96%,0.00,"2,018,665",440,"205,066"
2026-07-10 04:19:31,KSE100,SYS,Systems Limited,143.27,143.27,-0.73,-0.51%,2.44%,0.00,"1,881,258",884,"126,657"
2026-07-10 04:19:31,KSE100,FATIMA,Fatima Fertilizer Company Limited,163.22,163.22,4.66,2.94%,0.99%,0.00,"1,828,937",315,"51,414"
2026-07-10 04:19:31,KSE100,NPL,Nishat Power Limited,68.85,68.85,-1.14,-1.63%,0.23%,0.00,"1,718,176",173,"11,916"
2026-07-10 04:19:31,KSE100,FFC,Fauji Fertilizer Company Limited,561.81,561.81,-0.66,-0.12%,8.58%,0.00,"1,565,920",791,"444,652"
2026-07-10 04:19:31,KSE100,HCAR,Honda Atlas Cars (Pakistan) Limited,246.31,246.31,9.20,3.88%,0.14%,0.00,"1,560,687",29,"7,035"
2026-07-10 04:19:31,KSE100,ENGROH,Engro Holdings Limited,279.99,279.99,-1.90,-0.67%,5.20%,0.00,"1,464,803",963,"269,738"
2026-07-10 04:19:31,KSE100,HBL,Habib Bank Limited,308.89,308.89,-0.32,-0.10%,3.50%,0.00,"1,460,624",587,"181,238"
2026-07-10 04:19:31,KSE100,TRG,TRG Pakistan Limited,65.17,65.17,0.67,1.04%,0.45%,0.00,"1,250,284",355,"23,103"
2026-07-10 04:19:31,KSE100,POWER,Power Cement Limited,22.13,22.13,-0.08,-0.36%,0.22%,0.00,"1,163,617",517,"11,434"
2026-07-10 04:19:31,KSE100,CPHL,Citi Pharma Ltd.,79.12,79.12,-0.26,-0.33%,0.19%,0.00,"1,128,510",126,"9,942"
2026-07-10 04:19:31,KSE100,FABL,Faysal Bank Limited,101.32,101.32,0.27,0.27%,0.89%,0.00,"1,093,449",455,"46,132"
2026-07-10 04:19:31,KSE100,YOUW,Yousaf Weaving Mills Limited,5.66,5.66,0.02,0.36%,0.01%,0.00,"1,092,528",82,462
2026-07-10 04:19:31,KSE100,EFERT,Engro Fertilizers Limited,195.68,195.68,0.40,0.21%,2.27%,0.00,"861,248",601,"117,581"
2026-07-10 04:19:31,KSE100,GHNI,Ghandhara Industries Limited,"1,097.98","1,097.98",99.82,10.00%,0.32%,0.00,"834,495",15,"16,374"
2026-07-10 04:19:31,KSE100,ATRL,Attock Refinery Limited,911.75,911.75,14.65,1.63%,0.75%,0.00,"814,711",43,"38,883"
2026-07-10 04:19:31,KSE100,AIRLINK,Air Link Communication Limited,149.94,149.94,-1.13,-0.75%,0.34%,0.00,"771,303",119,"17,780"
2026-07-10 04:19:31,KSE100,JVDC,Javedan Corporation Limited,149.04,149.04,0.18,0.12%,0.55%,0.00,"768,549",190,"28,382"
2026-07-10 04:19:31,KSE100,AICL,Adamjee Insurance Company Limited,80.50,80.50,-1.18,-1.44%,0.43%,0.00,"703,060",280,"22,540"
2026-07-10 04:19:31,KSE100,MARI,Mari Energies Limited,675.65,675.65,-0.22,-0.03%,3.13%,0.00,"644,709",240,"162,240"
2026-07-10 04:19:31,KSE100,ILP,Interloop Limited,104.79,104.79,1.05,1.01%,0.57%,0.00,"627,345",280,"29,377"
2026-07-10 04:19:31,KSE100,MCB,MCB Bank Limited,413.11,413.11,-8.89,-2.11%,3.31%,0.00,"564,764",415,"171,346"
2026-07-10 04:19:31,KSE100,DCR,Dolmen City REIT,38.61,38.61,-0.11,-0.28%,0.41%,0.00,"483,340",556,"21,464"
2026-07-10 04:19:31,KSE100,SCBPL,Standard Chartered Bank (Pak) Ltd,66.99,66.99,0.99,1.50%,0.25%,0.00,"445,819",194,"12,968"
2026-07-10 04:19:31,KSE100,KOHC,Kohat Cement Company Limited,100.15,100.15,0.19,0.19%,0.44%,0.00,"440,212",230,"23,017"
2026-07-10 04:19:31,KSE100,ISL,International Steels Limited,91.10,91.10,-0.69,-0.75%,0.27%,0.00,"406,865",152,"13,870"
2026-07-10 04:19:31,KSE100,GHGLXD,Ghani Glass Limited,40.30,40.30,-0.06,-0.15%,0.27%,0.00,"385,996",350,"14,101"
2026-07-10 04:19:31,KSE100,SAZEW,Sazgar Engineering Works Limited,"2,054.39","2,054.39",-7.34,-0.36%,0.84%,0.00,"377,485",21,"43,463"
2026-07-10 04:19:31,KSE100,GLAXO,GlaxoSmithKline Pakistan Limited,370.22,370.22,-0.85,-0.23%,0.45%,0.00,"348,661",64,"23,581"
2026-07-10 04:19:31,KSE100,MTL,Millat Tractors Limited,298.47,298.47,1.96,0.66%,1.03%,0.00,"268,202",180,"53,595"
2026-07-10 04:19:31,KSE100,BAHL,Bank AL Habib Limited,176.21,176.21,-0.21,-0.12%,2.83%,0.00,"261,403",834,"146,883"
2026-07-10 04:19:31,KSE100,KTML,Kohinoor Textile Mills Limited,51.37,51.37,-0.09,-0.18%,0.27%,0.00,"231,276",269,"13,834"
2026-07-10 04:19:31,KSE100,TGL,Tariq Glass Industries Limited,200.04,200.04,1.53,0.77%,0.27%,0.00,"214,224",69,"13,776"
2026-07-10 04:19:31,KSE100,AGP,AGP Limited,207.28,207.28,-1.32,-0.63%,0.34%,0.00,"182,534",84,"17,412"
2026-07-10 04:19:31,KSE100,NATF,National Foods Limited,394.63,394.63,-2.08,-0.52%,0.44%,0.00,"166,487",58,"22,999"
2026-07-10 04:19:31,KSE100,PGLC,Pak-Gulf Leasing Company Limited,15.50,15.50,0.30,1.97%,0.00%,0.00,"156,700",10,153
2026-07-10 04:19:31,KSE100,POL,Pakistan Oilfields Limited,682.80,682.80,-0.62,-0.09%,1.71%,0.00,"127,512",130,"88,740"
2026-07-10 04:19:31,KSE100,CHCC,Cherat Cement Company Limited,324.30,324.30,-1.97,-0.60%,0.67%,0.00,"117,064",107,"34,655"
2026-07-10 04:19:31,KSE100,INIL,International Industries Limited,174.85,174.85,-0.28,-0.16%,0.20%,0.00,"104,748",59,"10,377"
2026-07-10 04:19:31,KSE100,HMB,Habib Metropolitan Bank Limited,118.99,118.99,0.02,0.02%,1.08%,0.00,"103,657",472,"56,107"
2026-07-10 04:19:31,KSE100,PIOC,Pioneer Cement Limited,271.84,271.84,-0.85,-0.31%,0.18%,0.00,"82,166",34,"9,262"
2026-07-10 04:19:31,KSE100,MEHT,Mehmood Textile Mills Limited,226.07,226.07,19.78,9.59%,0.10%,0.00,"79,449",23,"5,087"
2026-07-10 04:19:31,KSE100,ABL,Allied Bank Limited,185.77,185.77,0.76,0.41%,0.41%,0.00,"49,544",115,"21,272"
2026-07-10 04:19:31,KSE100,HINOON,Highnoon Laboratories Limited,"1,003.28","1,003.28",-7.07,-0.70%,0.41%,0.00,"47,184",21,"21,263"
2026-07-10 04:19:31,KSE100,LCI,Lucky Core Industries Limited,236.28,236.28,-0.35,-0.15%,0.42%,0.00,"44,889",92,"21,823"
2026-07-10 04:19:31,KSE100,HALEON,Haleon Pakistan Limited,792.64,792.64,-1.29,-0.16%,0.24%,0.00,"30,123",16,"12,472"
2026-07-10 04:19:31,KSE100,APL,Attock Petroleum Limited,549.62,549.62,0.55,0.10%,0.33%,0.00,"27,247",31,"17,095"
2026-07-10 04:19:31,KSE100,PABC,Pakistan Aluminium Beverage Cans Limited,108.81,108.81,0.49,0.45%,0.15%,0.00,"24,319",72,"7,858"
2026-07-10 04:19:31,KSE100,ABOT,Abbott Laboratories (Pakistan) Limited,964.81,964.81,-2.27,-0.23%,0.39%,0.00,"21,681",21,"20,406"
2026-07-10 04:19:31,KSE100,BWCL,Bestway Cement Limited,499.24,499.24,1.48,0.30%,0.57%,0.00,"20,990",60,"29,767"
2026-07-10 04:19:31,KSE100,SRVI,Service Industries Limited,"2,155.45","2,155.45",-0.52,-0.02%,0.98%,0.00,"20,360",23,"50,640"
2026-07-10 04:19:31,KSE100,SHFA,Shifa International Hospitals Limited,526.49,526.49,4.02,0.77%,0.29%,0.00,"18,951",28,"14,977"
2026-07-10 04:19:31,KSE100,THALL,Thal Limited,597.52,597.52,-11.69,-1.92%,0.37%,0.00,"18,173",32,"19,367"
2026-07-10 04:19:31,KSE100,IBFL,Ibrahim Fibres Limited,360.85,360.85,-0.35,-0.10%,0.11%,0.00,"17,593",16,"5,602"
2026-07-10 04:19:31,KSE100,HGFAXD,HBL Growth Fund,18.02,18.02,0.02,0.11%,0.09%,0.00,"17,527",265,"4,780"
2026-07-10 04:19:31,KSE100,GADT,Gadoon Textile Mills Limited,306.48,306.48,6.63,2.21%,0.05%,0.00,"15,557",8,"2,577"
2026-07-10 04:19:31,KSE100,INDU,Indus Motor Company Limited,"2,025.74","2,025.74",-4.51,-0.22%,0.55%,0.00,"11,205",14,"28,326"
2026-07-10 04:19:31,KSE100,SSOM,S.S.Oil Mills Limited,453.95,453.95,1.39,0.31%,0.01%,0.00,"9,427",1,634
2026-07-10 04:19:31,KSE100,ATLH,Atlas Honda Limited,"1,694.46","1,694.46",0.05,0.00%,0.41%,0.00,"8,000",12,"21,026"
2026-07-10 04:19:31,KSE100,PKGS,Packages Limited,796.08,796.08,-3.85,-0.48%,0.41%,0.00,"6,752",27,"21,346"
2026-07-10 04:19:31,KSE100,BNWM,Bannu Woollen Mills Limited,67.04,67.04,-0.47,-0.70%,0.01%,0.00,"4,775",5,319
2026-07-10 04:19:31,KSE100,COLG,Colgate-Palmolive (Pakistan) Limited,"1,247.61","1,247.61",0.72,0.06%,0.58%,0.00,"3,363",24,"30,289"
2026-07-10 04:19:31,KSE100,FHAM,First Habib Modaraba,33.63,33.63,-0.02,-0.06%,0.06%,0.00,"3,248",94,"3,168"
2026-07-10 04:19:31,KSE100,PAKT,Pakistan Tobacco Company Limited,"1,479.00","1,479.00",10.24,0.70%,0.36%,0.00,"3,122",13,"18,660"
2026-07-10 04:19:31,KSE100,MUREB,Murree Brewery Company Limited,920.60,920.60,-5.12,-0.55%,0.20%,0.00,775,11,"10,187"
2026-07-10 04:19:31,KSE100,PSEL,Pakistan Services Limited,907.62,907.62,5.60,0.62%,0.54%,0.00,619,31,"27,973"
2026-07-10 04:19:31,KSE100,JDWS,JDW Sugar Mills Limited,964.93,964.93,-6.81,-0.70%,0.16%,0.00,332,9,"8,363"
2026-07-10 04:19:31,KSE100,RMPL,Rafhan Maize Products Company Limited,"9,460.33","9,460.33",-27.17,-0.29%,0.25%,0.00,146,1,"13,107"
2026-07-10 04:19:31,KSE100,NESTLE,Nestle Pakistan Limited,"7,597.15","7,597.15",27.48,0.36%,0.66%,0.00,116,5,"34,453"
2026-07-10 04:19:31,KSE100,UPFL,Unilever Pakistan Foods Limited,"25,661.00","25,661.00",75.00,0.29%,0.26%,0.00,26,1,"13,359"
2026-07-10 04:19:31,KSE100PR,CNERGY,Cnergyico PK Limited,9.40,9.40,0.68,7.80%,0.25%,0.00,"211,683,514","1,373","12,910"
2026-07-10 04:19:31,KSE100PR,KEL,K-Electric Limited,7.94,7.94,0.08,1.02%,0.42%,0.00,"37,386,049","2,762","21,926"
2026-07-10 04:19:31,KSE100PR,BOP,The Bank of Punjab,35.96,35.96,0.03,0.08%,0.96%,0.00,"25,570,461","1,382","49,697"
2026-07-10 04:19:31,KSE100PR,PAEL,Pak Elektron Limited,45.07,45.07,0.42,0.94%,0.44%,0.00,"16,648,405",508,"22,896"
2026-07-10 04:19:31,KSE100PR,LOTCHEM,Lotte Chemical Pakistan Limited,30.43,30.43,0.91,3.08%,0.22%,0.00,"12,838,937",379,"11,519"
2026-07-10 04:19:31,KSE100PR,TPLRF1,TPL REIT Fund I,10.04,10.04,-0.16,-1.57%,0.23%,0.00,"11,284,697","1,193","11,975"
2026-07-10 04:19:31,KSE100PR,MLCF,Maple Leaf Cement Factory Limited,102.77,102.77,0.60,0.59%,0.93%,0.00,"10,892,169",471,"48,446"
2026-07-10 04:19:31,KSE100PR,SSGC,Sui Southern Gas Company Limited,31.07,31.07,0.77,2.54%,0.20%,0.00,"10,422,882",337,"10,466"
2026-07-10 04:19:31,KSE100PR,PIBTL,Pakistan International Bulk Terminal,18.02,18.02,0.19,1.07%,0.28%,0.00,"8,619,934",804,"14,483"
2026-07-10 04:19:31,KSE100PR,FCCL,Fauji Cement Company Limited,55.47,55.47,-0.71,-1.26%,0.92%,0.00,"7,764,296",858,"47,621"
2026-07-10 04:19:31,KSE100PR,BAFL,Bank Alfalah Limited,58.76,58.76,-0.50,-0.84%,1.61%,0.00,"7,637,862","1,419","83,407"
2026-07-10 04:19:31,KSE100PR,PSX,Pakistan Stock Exchange Limited,54.73,54.73,0.87,1.62%,0.51%,0.00,"7,421,729",481,"26,319"
2026-07-10 04:19:31,KSE100PR,AKBL,Askari Bank Limited,108.49,108.49,-3.85,-3.43%,0.91%,0.00,"7,178,463",435,"47,170"
2026-07-10 04:19:31,KSE100PR,KAPCO,Kot Addu Power Company Limited,28.02,28.02,0.48,1.74%,0.25%,0.00,"6,503,436",457,"12,794"
2026-07-10 04:19:31,KSE100PR,DGKC,D.G. Khan Cement Company Limited,223.30,223.30,-0.99,-0.44%,0.94%,0.00,"6,095,348",219,"48,916"
2026-07-10 04:19:31,KSE100PR,NBP,National Bank of Pakistan,209.67,209.67,-1.98,-0.94%,2.06%,0.00,"5,289,247",510,"106,934"
2026-07-10 04:19:31,KSE100PR,PTC,Pakistan Telecommunication Company Ltd,70.84,70.84,0.48,0.68%,0.81%,0.00,"4,840,211",593,"42,030"
2026-07-10 04:19:31,KSE100PR,FFL,Fauji Foods Limited,17.48,17.48,-0.05,-0.29%,0.17%,0.00,"4,829,237",504,"8,810"
2026-07-10 04:19:31,KSE100PR,PPL,Pakistan Petroleum Limited,235.62,235.62,-3.16,-1.32%,3.04%,0.00,"4,486,245",669,"157,741"
2026-07-10 04:19:31,KSE100PR,GAL,Ghandhara Automobiles Limited,595.45,595.45,33.66,5.99%,0.26%,0.00,"4,443,510",23,"13,577"
2026-07-10 04:19:31,KSE100PR,SEARL,The Searle Company Limited,95.48,95.48,0.42,0.44%,0.54%,0.00,"3,857,804",294,"28,082"
2026-07-10 04:19:31,KSE100PR,UBL,United Bank Limited,479.01,479.01,1.41,0.30%,8.10%,0.00,"3,377,560",876,"419,846"
2026-07-10 04:19:31,KSE100PR,MEBL,Meezan Bank Limited,544.60,544.60,-12.47,-2.24%,4.73%,0.00,"3,260,137",450,"245,146"
2026-07-10 04:19:31,KSE100PR,HUMNL,Hum Network Limited,11.11,11.11,0.09,0.82%,0.12%,0.00,"2,771,390",567,"6,299"
2026-07-10 04:19:31,KSE100PR,OGDC,Oil & Gas Development Company Limited,333.55,333.55,-1.90,-0.57%,4.15%,0.00,"2,768,250",645,"215,186"
2026-07-10 04:19:31,KSE100PR,HUBC,The Hub Power Company Limited,226.93,226.93,-0.48,-0.21%,4.26%,0.00,"2,504,096",973,"220,772"
2026-07-10 04:19:31,KSE100PR,AHCL,Arif Habib Corporation Limited,15.81,15.81,0.19,1.22%,0.26%,0.00,"2,486,065",843,"13,334"
2026-07-10 04:19:31,KSE100PR,PSO,Pakistan State Oil Company Limited,350.67,350.67,0.01,0.00%,1.59%,0.00,"2,269,347",235,"82,315"
2026-07-10 04:19:31,KSE100PR,NML,Nishat Mills Limited,153.56,153.56,-1.52,-0.98%,0.47%,0.00,"2,262,066",158,"24,296"
2026-07-10 04:19:31,KSE100PR,SNGP,Sui Northern Gas Pipelines Limited,114.23,114.23,0.37,0.33%,0.56%,0.00,"2,219,239",254,"28,979"
2026-07-10 04:19:31,KSE100PR,LUCK,Lucky Cement Limited,466.59,466.59,1.60,0.34%,3.96%,0.00,"2,018,665",440,"205,066"
2026-07-10 04:19:31,KSE100PR,SYS,Systems Limited,143.27,143.27,-0.73,-0.51%,2.44%,0.00,"1,881,258",884,"126,657"
2026-07-10 04:19:31,KSE100PR,FATIMA,Fatima Fertilizer Company Limited,163.22,163.22,4.66,2.94%,0.99%,0.00,"1,828,937",315,"51,414"
2026-07-10 04:19:31,KSE100PR,NPL,Nishat Power Limited,68.85,68.85,-1.14,-1.63%,0.23%,0.00,"1,718,176",173,"11,916"
2026-07-10 04:19:31,KSE100PR,FFC,Fauji Fertilizer Company Limited,561.81,561.81,-0.66,-0.12%,8.58%,0.00,"1,565,920",791,"444,652"
2026-07-10 04:19:31,KSE100PR,HCAR,Honda Atlas Cars (Pakistan) Limited,246.31,246.31,9.20,3.88%,0.14%,0.00,"1,560,687",29,"7,035"
2026-07-10 04:19:31,KSE100PR,ENGROH,Engro Holdings Limited,279.99,279.99,-1.90,-0.67%,5.20%,0.00,"1,464,803",963,"269,738"
2026-07-10 04:19:31,KSE100PR,HBL,Habib Bank Limited,308.89,308.89,-0.32,-0.10%,3.50%,0.00,"1,460,624",587,"181,238"
2026-07-10 04:19:31,KSE100PR,TRG,TRG Pakistan Limited,65.17,65.17,0.67,1.04%,0.45%,0.00,"1,250,284",355,"23,103"
2026-07-10 04:19:31,KSE100PR,POWER,Power Cement Limited,22.13,22.13,-0.08,-0.36%,0.22%,0.00,"1,163,617",517,"11,434"
2026-07-10 04:19:31,KSE100PR,CPHL,Citi Pharma Ltd.,79.12,79.12,-0.26,-0.33%,0.19%,0.00,"1,128,510",126,"9,942"
2026-07-10 04:19:31,KSE100PR,FABL,Faysal Bank Limited,101.32,101.32,0.27,0.27%,0.89%,0.00,"1,093,449",455,"46,132"
2026-07-10 04:19:31,KSE100PR,YOUW,Yousaf Weaving Mills Limited,5.66,5.66,0.02,0.36%,0.01%,0.00,"1,092,528",82,462
2026-07-10 04:19:31,KSE100PR,EFERT,Engro Fertilizers Limited,195.68,195.68,0.40,0.21%,2.27%,0.00,"861,248",601,"117,581"
2026-07-10 04:19:31,KSE100PR,GHNI,Ghandhara Industries Limited,"1,097.98","1,097.98",99.82,10.00%,0.32%,0.00,"834,495",15,"16,374"
2026-07-10 04:19:31,KSE100PR,ATRL,Attock Refinery Limited,911.75,911.75,14.65,1.63%,0.75%,0.00,"814,711",43,"38,883"
2026-07-10 04:19:31,KSE100PR,AIRLINK,Air Link Communication Limited,149.94,149.94,-1.13,-0.75%,0.34%,0.00,"771,303",119,"17,780"
2026-07-10 04:19:31,KSE100PR,JVDC,Javedan Corporation Limited,149.04,149.04,0.18,0.12%,0.55%,0.00,"768,549",190,"28,382"
2026-07-10 04:19:31,KSE100PR,AICL,Adamjee Insurance Company Limited,80.50,80.50,-1.18,-1.44%,0.43%,0.00,"703,060",280,"22,540"
2026-07-10 04:19:31,KSE100PR,MARI,Mari Energies Limited,675.65,675.65,-0.22,-0.03%,3.13%,0.00,"644,709",240,"162,240"
2026-07-10 04:19:31,KSE100PR,ILP,Interloop Limited,104.79,104.79,1.05,1.01%,0.57%,0.00,"627,345",280,"29,377"
2026-07-10 04:19:31,KSE100PR,MCB,MCB Bank Limited,413.11,413.11,-8.89,-2.11%,3.31%,0.00,"564,764",415,"171,346"
2026-07-10 04:19:31,KSE100PR,DCR,Dolmen City REIT,38.61,38.61,-0.11,-0.28%,0.41%,0.00,"483,340",556,"21,464"
2026-07-10 04:19:31,KSE100PR,SCBPL,Standard Chartered Bank (Pak) Ltd,66.99,66.99,0.99,1.50%,0.25%,0.00,"445,819",194,"12,968"
2026-07-10 04:19:31,KSE100PR,KOHC,Kohat Cement Company Limited,100.15,100.15,0.19,0.19%,0.44%,0.00,"440,212",230,"23,017"
2026-07-10 04:19:31,KSE100PR,ISL,International Steels Limited,91.10,91.10,-0.69,-0.75%,0.27%,0.00,"406,865",152,"13,870"
2026-07-10 04:19:31,KSE100PR,GHGLXD,Ghani Glass Limited,40.30,40.30,-0.06,-0.15%,0.27%,0.00,"385,996",350,"14,101"
2026-07-10 04:19:31,KSE100PR,SAZEW,Sazgar Engineering Works Limited,"2,054.39","2,054.39",-7.34,-0.36%,0.84%,0.00,"377,485",21,"43,463"
2026-07-10 04:19:31,KSE100PR,GLAXO,GlaxoSmithKline Pakistan Limited,370.22,370.22,-0.85,-0.23%,0.45%,0.00,"348,661",64,"23,581"
2026-07-10 04:19:31,KSE100PR,MTL,Millat Tractors Limited,298.47,298.47,1.96,0.66%,1.03%,0.00,"268,202",180,"53,595"
2026-07-10 04:19:31,KSE100PR,BAHL,Bank AL Habib Limited,176.21,176.21,-0.21,-0.12%,2.83%,0.00,"261,403",834,"146,883"
2026-07-10 04:19:31,KSE100PR,KTML,Kohinoor Textile Mills Limited,51.37,51.37,-0.09,-0.18%,0.27%,0.00,"231,276",269,"13,834"
2026-07-10 04:19:31,KSE100PR,TGL,Tariq Glass Industries Limited,200.04,200.04,1.53,0.77%,0.27%,0.00,"214,224",69,"13,776"
2026-07-10 04:19:31,KSE100PR,AGP,AGP Limited,207.28,207.28,-1.32,-0.63%,0.34%,0.00,"182,534",84,"17,412"
2026-07-10 04:19:31,KSE100PR,NATF,National Foods Limited,394.63,394.63,-2.08,-0.52%,0.44%,0.00,"166,487",58,"22,999"
2026-07-10 04:19:31,KSE100PR,PGLC,Pak-Gulf Leasing Company Limited,15.50,15.50,0.30,1.97%,0.00%,0.00,"156,700",10,153
2026-07-10 04:19:31,KSE100PR,POL,Pakistan Oilfields Limited,682.80,682.80,-0.62,-0.09%,1.71%,0.00,"127,512",130,"88,740"
2026-07-10 04:19:31,KSE100PR,CHCC,Cherat Cement Company Limited,324.30,324.30,-1.97,-0.60%,0.67%,0.00,"117,064",107,"34,655"
2026-07-10 04:19:31,KSE100PR,INIL,International Industries Limited,174.85,174.85,-0.28,-0.16%,0.20%,0.00,"104,748",59,"10,377"
2026-07-10 04:19:31,KSE100PR,HMB,Habib Metropolitan Bank Limited,118.99,118.99,0.02,0.02%,1.08%,0.00,"103,657",472,"56,107"
2026-07-10 04:19:31,KSE100PR,PIOC,Pioneer Cement Limited,271.84,271.84,-0.85,-0.31%,0.18%,0.00,"82,166",34,"9,262"
2026-07-10 04:19:31,KSE100PR,MEHT,Mehmood Textile Mills Limited,226.07,226.07,19.78,9.59%,0.10%,0.00,"79,449",23,"5,087"
2026-07-10 04:19:31,KSE100PR,ABL,Allied Bank Limited,185.77,185.77,0.76,0.41%,0.41%,0.00,"49,544",115,"21,272"
2026-07-10 04:19:31,KSE100PR,HINOON,Highnoon Laboratories Limited,"1,003.28","1,003.28",-7.07,-0.70%,0.41%,0.00,"47,184",21,"21,263"
2026-07-10 04:19:31,KSE100PR,LCI,Lucky Core Industries Limited,236.28,236.28,-0.35,-0.15%,0.42%,0.00,"44,889",92,"21,823"
2026-07-10 04:19:31,KSE100PR,HALEON,Haleon Pakistan Limited,792.64,792.64,-1.29,-0.16%,0.24%,0.00,"30,123",16,"12,472"
2026-07-10 04:19:31,KSE100PR,APL,Attock Petroleum Limited,549.62,549.62,0.55,0.10%,0.33%,0.00,"27,247",31,"17,095"
2026-07-10 04:19:31,KSE100PR,PABC,Pakistan Aluminium Beverage Cans Limited,108.81,108.81,0.49,0.45%,0.15%,0.00,"24,319",72,"7,858"
2026-07-10 04:19:31,KSE100PR,ABOT,Abbott Laboratories (Pakistan) Limited,964.81,964.81,-2.27,-0.23%,0.39%,0.00,"21,681",21,"20,406"
2026-07-10 04:19:31,KSE100PR,BWCL,Bestway Cement Limited,499.24,499.24,1.48,0.30%,0.57%,0.00,"20,990",60,"29,767"
2026-07-10 04:19:31,KSE100PR,SRVI,Service Industries Limited,"2,155.45","2,155.45",-0.52,-0.02%,0.98%,0.00,"20,360",23,"50,640"
2026-07-10 04:19:31,KSE100PR,SHFA,Shifa International Hospitals Limited,526.49,526.49,4.02,0.77%,0.29%,0.00,"18,951",28,"14,977"
2026-07-10 04:19:31,KSE100PR,THALL,Thal Limited,597.52,597.52,-11.69,-1.92%,0.37%,0.00,"18,173",32,"19,367"
2026-07-10 04:19:31,KSE100PR,IBFL,Ibrahim Fibres Limited,360.85,360.85,-0.35,-0.10%,0.11%,0.00,"17,593",16,"5,602"
2026-07-10 04:19:31,KSE100PR,HGFAXD,HBL Growth Fund,18.02,18.02,0.02,0.11%,0.09%,0.00,"17,527",265,"4,780"
2026-07-10 04:19:31,KSE100PR,GADT,Gadoon Textile Mills Limited,306.48,306.48,6.63,2.21%,0.05%,0.00,"15,557",8,"2,577"
2026-07-10 04:19:31,KSE100PR,INDU,Indus Motor Company Limited,"2,025.74","2,025.74",-4.51,-0.22%,0.55%,0.00,"11,205",14,"28,326"
2026-07-10 04:19:31,KSE100PR,SSOM,S.S.Oil Mills Limited,453.95,453.95,1.39,0.31%,0.01%,0.00,"9,427",1,634
2026-07-10 04:19:31,KSE100PR,ATLH,Atlas Honda Limited,"1,694.46","1,694.46",0.05,0.00%,0.41%,0.00,"8,000",12,"21,026"
2026-07-10 04:19:31,KSE100PR,PKGS,Packages Limited,796.08,796.08,-3.85,-0.48%,0.41%,0.00,"6,752",27,"21,346"
2026-07-10 04:19:31,KSE100PR,BNWM,Bannu Woollen Mills Limited,67.04,67.04,-0.47,-0.70%,0.01%,0.00,"4,775",5,319
2026-07-10 04:19:31,KSE100PR,COLG,Colgate-Palmolive (Pakistan) Limited,"1,247.61","1,247.61",0.72,0.06%,0.58%,0.00,"3,363",24,"30,289"
2026-07-10 04:19:31,KSE100PR,FHAM,First Habib Modaraba,33.63,33.63,-0.02,-0.06%,0.06%,0.00,"3,248",94,"3,168"
2026-07-10 04:19:31,KSE100PR,PAKT,Pakistan Tobacco Company Limited,"1,479.00","1,479.00",10.24,0.70%,0.36%,0.00,"3,122",13,"18,660"
2026-07-10 04:19:31,KSE100PR,MUREB,Murree Brewery Company Limited,920.60,920.60,-5.12,-0.55%,0.20%,0.00,775,11,"10,187"
2026-07-10 04:19:31,KSE100PR,PSEL,Pakistan Services Limited,907.62,907.62,5.60,0.62%,0.54%,0.00,619,31,"27,973"
2026-07-10 04:19:31,KSE100PR,JDWS,JDW Sugar Mills Limited,964.93,964.93,-6.81,-0.70%,0.16%,0.00,332,9,"8,363"
2026-07-10 04:19:31,KSE100PR,RMPL,Rafhan Maize Products Company Limited,"9,460.33","9,460.33",-27.17,-0.29%,0.25%,0.00,146,1,"13,107"
2026-07-10 04:19:31,KSE100PR,NESTLE,Nestle Pakistan Limited,"7,597.15","7,597.15",27.48,0.36%,0.66%,0.00,116,5,"34,453"
2026-07-10 04:19:31,KSE100PR,UPFL,Unilever Pakistan Foods Limited,"25,661.00","25,661.00",75.00,0.29%,0.26%,0.00,26,1,"13,359"
2026-07-10 04:19:31,ALLSHR,CNERGY,Cnergyico PK Limited,9.40,9.50,0.10,1.06%,0.25%,3.05,"5,710,062","5,493","52,188"
2026-07-10 04:19:31,ALLSHR,LSECL,LSE Capital Limited.,7.84,7.90,0.06,0.77%,0.01%,0.13,"3,323,597",387,"3,057"
2026-07-10 04:19:31,ALLSHR,SBL,Samba Bank Limited,13.66,14.49,0.83,6.08%,0.07%,4.64,"2,047,490","1,008","14,609"
2026-07-10 04:19:31,ALLSHR,LOTCHEM,Lotte Chemical Pakistan Limited,30.43,31.10,0.67,2.20%,0.23%,5.63,"1,526,210","1,514","47,092"
2026-07-10 04:19:31,ALLSHR,KEL,K-Electric Limited,7.94,8.00,0.06,0.76%,1.08%,9.19,"1,502,334","27,615","220,922"
2026-07-10 04:19:31,ALLSHR,DBCINC,Dadabhoy Cement Industries Limited,9.55,10.55,1.00,10.47%,0.01%,0.54,"1,157,399",98,"1,036"
2026-07-10 04:19:31,ALLSHR,PRL,Pakistan Refinery Limited,41.85,42.00,0.15,0.36%,0.13%,0.52,"1,120,178",630,"26,460"
2026-07-10 04:19:31,ALLSHR,HASCOLNC,Hascol Petroleum Limited,20.51,20.92,0.41,2.00%,0.10%,2.27,"942,534",999,"20,902"
2026-07-10 04:19:31,ALLSHR,DFSM,Dewan Farooque Spinning Mills Limited,23.96,23.08,-0.88,-3.67%,0.01%,-0.48,"624,151",98,"2,256"
2026-07-10 04:19:31,ALLSHR,MLCF,Maple Leaf Cement Factory Limited,102.77,104.30,1.53,1.49%,0.53%,8.89,"556,435","1,048","109,261"
2026-07-10 04:19:31,ALLSHR,SGPL,S.G. Power Limited,104.56,110.00,5.44,5.20%,0.01%,0.54,"471,249",18,"1,962"
2026-07-10 04:19:31,ALLSHR,CJPLNC,Crescent Jute Products Limited,18.50,18.65,0.15,0.81%,0.00%,0.02,"333,867",24,443
2026-07-10 04:19:31,ALLSHR,AKBL,Askari Bank Limited,108.49,110.11,1.62,1.49%,0.78%,13.02,"306,160","1,449","159,582"
2026-07-10 04:19:31,ALLSHR,ITANZ,Itanz Technologies Limited,39.81,42.80,2.99,7.51%,0.02%,1.79,"279,522",108,"4,615"
2026-07-10 04:19:31,ALLSHR,PACE,Pace (Pakistan) Limited,11.72,11.90,0.18,1.54%,0.02%,0.31,"251,914",310,"3,687"
2026-07-10 04:19:31,ALLSHR,PSX,Pakistan Stock Exchange Limited,54.73,55.60,0.87,1.59%,0.22%,3.87,"247,181",801,"44,562"
2026-07-10 04:19:31,ALLSHR,PAEL,Pak Elektron Limited,45.07,45.32,0.25,0.56%,0.20%,1.28,"238,032",924,"41,860"
2026-07-10 04:19:31,ALLSHR,BOP,The Bank of Punjab,35.96,36.30,0.34,0.95%,0.58%,6.17,"234,273","3,272","118,758"
2026-07-10 04:19:31,ALLSHR,AGHA,Agha Steel Ind.Ltd,7.97,8.15,0.18,2.26%,0.02%,0.60,"226,200",605,"4,930"
2026-07-10 04:19:31,ALLSHR,FCCL,Fauji Cement Company Limited,55.47,56.45,0.98,1.77%,0.67%,13.33,"215,427","2,453","138,463"
2026-07-10 04:19:31,ALLSHR,PINL,Premier Insurance Limited,13.99,15.10,1.11,7.93%,0.00%,0.31,"186,064",51,764
2026-07-10 04:19:31,ALLSHR,DGKC,D.G. Khan Cement Company Limited,223.30,225.92,2.62,1.17%,0.48%,6.37,"184,738",438,"98,980"
2026-07-10 04:19:31,ALLSHR,SAIF,Saif Textile Mills Limited,47.59,52.00,4.41,9.27%,0.01%,0.65,"145,109",26,"1,373"
2026-07-10 04:19:31,ALLSHR,MACFL,MACPAC Films Limited,79.07,86.80,7.73,9.78%,0.03%,2.54,"138,226",59,"5,147"
2026-07-10 04:19:31,ALLSHR,THCCL,Thatta Cement Company Limited,73.21,74.43,1.22,1.67%,0.18%,3.37,"133,633",499,"37,110"
2026-07-10 04:19:31,ALLSHR,HTL,Hi-Tech Lubricants Limited,47.55,47.60,0.05,0.11%,0.03%,0.04,"125,000",139,"6,626"
2026-07-10 04:19:31,ALLSHR,GHNI,Ghandhara Industries Limited,"1,097.98","1,130.23",32.25,2.94%,0.23%,7.62,"124,109",43,"48,158"
2026-07-10 04:19:31,ALLSHR,WTL,Worldcall Telecom Limited,1.32,1.34,0.02,1.52%,0.03%,0.55,"113,700","4,982","6,676"
2026-07-10 04:19:31,ALLSHR,LSEVL,LSE Ventures Limited,14.53,14.52,-0.01,-0.07%,0.03%,-0.02,"111,250",399,"5,796"
2026-07-10 04:19:31,ALLSHR,ITTEFAQ,Ittefaq Iron Industries Limited,9.17,9.48,0.31,3.38%,0.01%,0.25,"107,411",144,"1,368"
2026-07-10 04:19:31,ALLSHR,NEXT,Next Capital Limited,19.07,20.00,0.93,4.88%,0.01%,0.29,"94,210",57,"1,139"
2026-07-10 04:19:31,ALLSHR,OGDC,Oil & Gas Development Company Limited,333.55,335.49,1.94,0.58%,7.03%,46.27,"93,891","4,301","1,442,918"
2026-07-10 04:19:31,ALLSHR,SSGC,Sui Southern Gas Company Limited,31.07,31.25,0.18,0.58%,0.13%,0.88,"92,220",881,"27,529"
2026-07-10 04:19:31,ALLSHR,NRL,National Refinery Limited,391.52,397.00,5.48,1.40%,0.15%,2.43,"90,365",80,"31,747"
2026-07-10 04:19:31,ALLSHR,PIBTL,Pakistan International Bulk Terminal,18.02,18.15,0.13,0.72%,0.16%,1.29,"81,115","1,786","32,418"
2026-07-10 04:19:31,ALLSHR,TPL,TPL Corp Limited,17.65,17.60,-0.05,-0.28%,0.02%,-0.07,"75,750",267,"4,704"
2026-07-10 04:19:31,ALLSHR,PIAHCLA,PIA Holding Company Limited,29.52,29.70,0.18,0.61%,0.76%,5.22,"73,160","5,234","155,443"
2026-07-10 04:19:31,ALLSHR,UBL,United Bank Limited,479.01,483.00,3.99,0.83%,5.90%,55.41,"72,321","2,504","1,209,552"
2026-07-10 04:19:31,ALLSHR,PKGI,The Pakistan General Insurance Co. Ltd.,21.90,23.69,1.79,8.17%,0.01%,0.50,"71,122",50,"1,185"
2026-07-10 04:19:31,ALLSHR,SHNI,Shaheen Insurance Company Limited,8.71,9.15,0.44,5.05%,0.00%,0.26,"70,107",105,959
2026-07-10 04:19:31,ALLSHR,TSBL,Trust Securities & Brokerage Limited,1.83,1.88,0.05,2.73%,0.01%,0.21,"65,505",750,"1,410"
2026-07-10 04:19:31,ALLSHR,TPLP,TPL Properties Limited,12.67,12.84,0.17,1.34%,0.04%,0.53,"62,125",561,"7,204"
2026-07-10 04:19:31,ALLSHR,SLGL,Secure Logistics-Trax Group Limited,17.35,17.69,0.34,1.96%,0.04%,0.80,"57,300",422,"7,462"
2026-07-10 04:19:31,ALLSHR,BNL,Bunnys Limited,7.02,7.00,-0.02,-0.29%,0.02%,-0.07,"57,099",668,"4,676"
2026-07-10 04:19:31,ALLSHR,GCIL,Ghani Chemical Industries Limited,37.14,37.52,0.38,1.02%,0.10%,1.20,"54,361",570,"21,403"
2026-07-10 04:19:31,ALLSHR,OBOY,Oilboy Energy Limited,17.90,18.10,0.20,1.12%,0.00%,0.06,"52,000",50,905
2026-07-10 04:19:31,ALLSHR,FECTC,Fecto Cement Limited,116.69,116.95,0.26,0.22%,0.03%,0.07,"51,002",50,"5,866"
2026-07-10 04:19:31,ALLSHR,GAL,Ghandhara Automobiles Limited,595.45,597.95,2.50,0.42%,0.17%,0.79,"50,012",57,"34,085"
2026-07-10 04:19:31,ALLSHR,JSBL,JS Bank Limited,14.50,14.75,0.25,1.72%,0.15%,2.84,"50,010","2,051","30,247"
2026-07-10 04:19:31,ALLSHR,BECO,Beco Steel Limited,5.41,5.41,0.00,0.00%,0.03%,0.00,"50,000","1,250","6,760"
2026-07-10 04:19:31,KSE30,MLCF,Maple Leaf Cement Factory Limited,102.77,104.30,1.53,1.49%,1.34%,11.13,"556,435",471,"49,167"
2026-07-10 04:19:31,KSE30,PAEL,Pak Elektron Limited,45.07,45.32,0.25,0.56%,0.63%,1.96,"238,032",508,"23,023"
2026-07-10 04:19:31,KSE30,BOP,The Bank of Punjab,35.96,36.30,0.34,0.95%,1.37%,7.25,"234,273","1,382","50,167"
2026-07-10 04:19:31,KSE30,FCCL,Fauji Cement Company Limited,55.47,56.45,0.98,1.77%,1.32%,12.98,"215,427",858,"48,462"
2026-07-10 04:19:31,KSE30,DGKC,D.G. Khan Cement Company Limited,223.30,225.92,2.62,1.17%,1.35%,8.86,"184,738",219,"49,490"
2026-07-10 04:19:31,KSE30,GHNI,Ghandhara Industries Limited,"1,097.98","1,130.23",32.25,2.94%,0.46%,7.42,"124,109",15,"16,855"
2026-07-10 04:19:31,KSE30,OGDC,Oil & Gas Development Company Limited,333.55,335.49,1.94,0.58%,5.90%,19.31,"93,891",645,"216,438"
2026-07-10 04:19:31,KSE30,SSGC,Sui Southern Gas Company Limited,31.07,31.25,0.18,0.58%,0.29%,0.94,"92,220",337,"10,526"
2026-07-10 04:19:31,KSE30,NRL,National Refinery Limited,391.52,397.00,5.48,1.40%,0.28%,2.23,"90,365",26,"10,446"
2026-07-10 04:19:31,KSE30,UBL,United Bank Limited,479.01,483.00,3.99,0.83%,11.54%,53.96,"72,321",876,"423,343"
2026-07-10 04:19:31,KSE30,GAL,Ghandhara Automobiles Limited,595.45,597.95,2.50,0.42%,0.37%,0.88,"50,012",23,"13,634"
2026-07-10 04:19:31,KSE30,PPL,Pakistan Petroleum Limited,235.62,237.40,1.78,0.76%,4.33%,18.39,"43,387",669,"158,932"
2026-07-10 04:19:31,KSE30,PSO,Pakistan State Oil Company Limited,350.67,352.98,2.31,0.66%,2.26%,8.37,"35,820",235,"82,857"
2026-07-10 04:19:31,KSE30,NBP,National Bank of Pakistan,209.67,211.40,1.73,0.83%,2.94%,13.62,"33,010",510,"107,816"
2026-07-10 04:19:31,KSE30,MEBL,Meezan Bank Limited,544.60,551.50,6.90,1.27%,6.77%,47.93,"29,453",450,"248,251"
2026-07-10 04:19:31,KSE30,SEARL,The Searle Company Limited,95.48,96.40,0.92,0.96%,0.77%,4.18,"26,997",294,"28,352"
2026-07-10 04:19:31,KSE30,LUCK,Lucky Cement Limited,466.59,472.50,5.91,1.27%,5.66%,40.08,"25,834",440,"207,664"
2026-07-10 04:19:31,KSE30,HUBC,The Hub Power Company Limited,226.93,228.75,1.82,0.80%,6.07%,27.32,"19,902",973,"222,543"
2026-07-10 04:19:31,KSE30,SYS,Systems Limited,143.27,144.99,1.72,1.20%,3.49%,23.46,"18,880",884,"128,177"
2026-07-10 04:19:31,KSE30,ATRL,Attock Refinery Limited,911.75,914.50,2.75,0.30%,1.06%,1.81,"14,138",43,"39,000"
2026-07-10 04:19:31,KSE30,SNGP,Sui Northern Gas Pipelines Limited,114.23,115.75,1.52,1.33%,0.80%,5.95,"12,557",254,"29,364"
2026-07-10 04:19:31,KSE30,ENGROH,Engro Holdings Limited,279.99,282.00,2.01,0.72%,7.41%,29.88,"9,599",963,"271,675"
2026-07-10 04:19:31,KSE30,FFC,Fauji Fertilizer Company Limited,561.81,564.00,2.19,0.39%,12.17%,26.75,"7,054",791,"446,385"
2026-07-10 04:19:31,KSE30,MARI,Mari Energies Limited,675.65,680.00,4.35,0.64%,4.45%,16.12,"7,028",240,"163,285"
2026-07-10 04:19:31,KSE30,MCB,MCB Bank Limited,413.11,416.00,2.89,0.70%,4.70%,18.50,"6,011",415,"172,545"
2026-07-10 04:19:31,KSE30,HBL,Habib Bank Limited,308.89,311.00,2.11,0.68%,4.97%,19.10,"5,095",587,"182,476"
2026-07-10 04:19:31,KSE30,AIRLINK,Air Link Communication Limited,149.94,151.80,1.86,1.24%,0.49%,3.40,"3,465",119,"18,001"
2026-07-10 04:19:31,KSE30,SAZEW,Sazgar Engineering Works Limited,"2,054.39","2,054.37",-0.02,0.00%,1.18%,-0.01,"2,977",21,"43,462"
2026-07-10 04:19:31,KSE30,EFERT,Engro Fertilizers Limited,195.68,195.17,-0.51,-0.26%,3.20%,-4.73,947,601,"117,275"
2026-07-10 04:19:31,KSE30,POL,Pakistan Oilfields Limited,682.80,681.99,-0.81,-0.12%,2.42%,-1.62,515,130,"88,634"
2026-07-10 04:19:31,KMI30,PRL,Pakistan Refinery Limited,41.85,42.00,0.15,0.36%,0.37%,3.48,"1,120,178",240,"10,095"
2026-07-10 04:19:31,KMI30,MLCF,Maple Leaf Cement Factory Limited,102.77,104.30,1.53,1.49%,1.92%,73.58,"556,435",499,"51,996"
2026-07-10 04:19:31,KMI30,PAEL,Pak Elektron Limited,45.07,45.32,0.25,0.56%,0.90%,12.96,"238,032",537,"24,348"
2026-07-10 04:19:31,KMI30,FCCL,Fauji Cement Company Limited,55.47,56.45,0.98,1.77%,1.89%,85.83,"215,427",908,"51,250"
2026-07-10 04:19:31,KMI30,DGKC,D.G. Khan Cement Company Limited,223.30,225.92,2.62,1.17%,1.93%,58.55,"184,738",232,"52,337"
2026-07-10 04:19:31,KMI30,GHNI,Ghandhara Industries Limited,"1,097.98","1,130.23",32.25,2.94%,0.66%,49.07,"124,109",16,"17,825"
2026-07-10 04:19:31,KMI30,OGDC,Oil & Gas Development Company Limited,333.55,335.49,1.94,0.58%,8.44%,127.69,"93,891",682,"228,891"
2026-07-10 04:19:31,KMI30,SSGC,Sui Southern Gas Company Limited,31.07,31.25,0.18,0.58%,0.41%,6.19,"92,220",356,"11,132"
2026-07-10 04:19:31,KMI30,NRL,National Refinery Limited,391.52,397.00,5.48,1.40%,0.41%,14.71,"90,365",28,"11,047"
2026-07-10 04:19:31,KMI30,GAL,Ghandhara Automobiles Limited,595.45,597.95,2.50,0.42%,0.53%,5.82,"50,012",24,"14,418"
2026-07-10 04:19:31,KMI30,PPL,Pakistan Petroleum Limited,235.62,237.40,1.78,0.76%,6.20%,121.57,"43,387",708,"168,077"
2026-07-10 04:19:31,KMI30,PSO,Pakistan State Oil Company Limited,350.67,352.98,2.31,0.66%,3.23%,55.32,"35,820",248,"87,625"
2026-07-10 04:19:31,KMI30,MEBL,Meezan Bank Limited,544.60,551.50,6.90,1.27%,9.68%,316.87,"29,453",476,"262,535"
2026-07-10 04:19:31,KMI30,SEARL,The Searle Company Limited,95.48,96.40,0.92,0.96%,1.11%,27.60,"26,997",311,"29,983"
2026-07-10 04:19:31,KMI30,LUCK,Lucky Cement Limited,466.59,472.50,5.91,1.27%,8.10%,264.99,"25,834",465,"219,612"
2026-07-10 04:19:31,KMI30,HUBC,The Hub Power Company Limited,226.93,228.75,1.82,0.80%,8.68%,180.64,"19,902","1,029","235,347"
2026-07-10 04:19:31,KMI30,SYS,Systems Limited,143.27,144.99,1.72,1.20%,5.00%,155.13,"18,880",935,"135,552"
2026-07-10 04:19:31,KMI30,TREET,Treet Corporation Limited,24.80,25.20,0.40,1.61%,0.18%,7.57,"18,658",196,"4,944"
2026-07-10 04:19:31,KMI30,HCAR,Honda Atlas Cars (Pakistan) Limited,246.31,247.00,0.69,0.28%,0.28%,2.01,"14,217",30,"7,460"
2026-07-10 04:19:31,KMI30,ATRL,Attock Refinery Limited,911.75,914.50,2.75,0.30%,1.52%,11.96,"14,138",45,"41,244"
2026-07-10 04:19:31,KMI30,FFL,Fauji Foods Limited,17.48,17.72,0.24,1.37%,0.35%,12.34,"13,325",533,"9,445"
2026-07-10 04:19:31,KMI30,SNGP,Sui Northern Gas Pipelines Limited,114.23,115.75,1.52,1.33%,1.15%,39.34,"12,557",268,"31,054"
2026-07-10 04:19:31,KMI30,ENGROH,Engro Holdings Limited,279.99,282.00,2.01,0.72%,10.60%,197.55,"9,599","1,019","287,306"
2026-07-10 04:19:31,KMI30,CPHL,Citi Pharma Ltd.,79.12,79.75,0.63,0.80%,0.39%,8.08,"8,002",133,"10,597"
2026-07-10 04:19:31,KMI30,FFC,Fauji Fertilizer Company Limited,561.81,564.00,2.19,0.39%,11.77%,119.52,"7,054",566,"319,081"
2026-07-10 04:19:31,KMI30,MARI,Mari Energies Limited,675.65,680.00,4.35,0.64%,6.37%,106.56,"7,028",254,"172,679"
2026-07-10 04:19:31,KMI30,AIRLINK,Air Link Communication Limited,149.94,151.80,1.86,1.24%,0.70%,22.50,"3,465",125,"19,036"
2026-07-10 04:19:31,KMI30,SAZEW,Sazgar Engineering Works Limited,"2,054.39","2,054.37",-0.02,0.00%,1.70%,-0.04,"2,977",22,"45,963"
2026-07-10 04:19:31,KMI30,EFERT,Engro Fertilizers Limited,195.68,195.17,-0.51,-0.26%,4.58%,-31.26,947,635,"124,022"
2026-07-10 04:19:31,KMI30,NML,Nishat Mills Limited,153.56,154.96,1.40,0.91%,0.96%,22.60,550,167,"25,928"
2026-07-10 04:19:31,BKTI,BOP,The Bank of Punjab,35.96,36.30,0.34,0.95%,3.54%,18.86,"234,273","1,382","50,167"
2026-07-10 04:19:31,BKTI,UBL,United Bank Limited,479.01,483.00,3.99,0.83%,29.91%,140.34,"72,321",876,"423,343"
2026-07-10 04:19:31,BKTI,NBP,National Bank of Pakistan,209.67,211.40,1.73,0.83%,7.62%,35.41,"33,010",510,"107,816"
2026-07-10 04:19:31,BKTI,MEBL,Meezan Bank Limited,544.60,551.50,6.90,1.27%,17.54%,124.64,"29,453",450,"248,251"
2026-07-10 04:19:31,BKTI,BAFL,Bank Alfalah Limited,58.76,58.86,0.10,0.17%,5.90%,5.70,"29,048","1,419","83,549"
2026-07-10 04:19:31,BKTI,MCB,MCB Bank Limited,413.11,416.00,2.89,0.70%,12.19%,48.10,"6,011",415,"172,545"
2026-07-10 04:19:31,BKTI,HBL,Habib Bank Limited,308.89,311.00,2.11,0.68%,12.89%,49.68,"5,095",587,"182,476"
2026-07-10 04:19:31,BKTI,BAHL,Bank AL Habib Limited,176.21,176.90,0.69,0.39%,10.42%,23.08,14,834,"147,458"
2026-07-10 04:19:31,OGTI,OGDC,Oil & Gas Development Company Limited,333.55,335.49,1.94,0.58%,40.18%,85.46,"93,891",645,"216,438"
2026-07-10 04:19:31,OGTI,PPL,Pakistan Petroleum Limited,235.62,237.40,1.78,0.76%,29.51%,81.37,"43,387",669,"158,932"
2026-07-10 04:19:31,OGTI,MARI,Mari Energies Limited,675.65,680.00,4.35,0.64%,30.31%,71.32,"7,028",240,"163,285"
2026-07-10 04:19:31,KMIALLSHR,CNERGY,Cnergyico PK Limited,9.40,9.50,0.10,1.06%,0.39%,3.00,"5,710,062","5,493","52,188"
2026-07-10 04:19:31,KMIALLSHR,LOTCHEM,Lotte Chemical Pakistan Limited,30.43,31.10,0.67,2.20%,0.36%,5.55,"1,526,210","1,514","47,092"
2026-07-10 04:19:31,KMIALLSHR,KEL,K-Electric Limited,7.94,8.00,0.06,0.76%,1.67%,9.06,"1,502,334","27,615","220,922"
2026-07-10 04:19:31,KMIALLSHR,PRL,Pakistan Refinery Limited,41.85,42.00,0.15,0.36%,0.20%,0.52,"1,120,178",630,"26,460"
2026-07-10 04:19:31,KMIALLSHR,DFSM,Dewan Farooque Spinning Mills Limited,23.96,23.08,-0.88,-3.67%,0.02%,-0.47,"624,151",98,"2,256"
2026-07-10 04:19:31,KMIALLSHR,MLCF,Maple Leaf Cement Factory Limited,102.77,104.30,1.53,1.49%,0.83%,8.76,"556,435","1,048","109,261"
2026-07-10 04:19:31,KMIALLSHR,SGPL,S.G. Power Limited,104.56,110.00,5.44,5.20%,0.01%,0.53,"471,249",18,"1,962"
2026-07-10 04:19:31,KMIALLSHR,ITANZ,Itanz Technologies Limited,39.81,42.80,2.99,7.51%,0.03%,1.76,"279,522",108,"4,615"
2026-07-10 04:19:31,KMIALLSHR,PAEL,Pak Elektron Limited,45.07,45.32,0.25,0.56%,0.32%,1.26,"238,032",924,"41,860"
2026-07-10 04:19:31,KMIALLSHR,FCCL,Fauji Cement Company Limited,55.47,56.45,0.98,1.77%,1.05%,13.14,"215,427","2,453","138,463"
2026-07-10 04:19:31,KMIALLSHR,DGKC,D.G. Khan Cement Company Limited,223.30,225.92,2.62,1.17%,0.75%,6.28,"184,738",438,"98,980"
2026-07-10 04:19:31,KMIALLSHR,MACFL,MACPAC Films Limited,79.07,86.80,7.73,9.78%,0.04%,2.51,"138,226",59,"5,147"
2026-07-10 04:19:31,KMIALLSHR,THCCL,Thatta Cement Company Limited,73.21,74.43,1.22,1.67%,0.28%,3.33,"133,633",499,"37,110"
2026-07-10 04:19:31,KMIALLSHR,HTL,Hi-Tech Lubricants Limited,47.55,47.60,0.05,0.11%,0.05%,0.04,"125,000",139,"6,626"
2026-07-10 04:19:31,KMIALLSHR,GHNI,Ghandhara Industries Limited,"1,097.98","1,130.23",32.25,2.94%,0.36%,7.51,"124,109",43,"48,158"
2026-07-10 04:19:31,KMIALLSHR,ITTEFAQ,Ittefaq Iron Industries Limited,9.17,9.48,0.31,3.38%,0.01%,0.24,"107,411",144,"1,368"
2026-07-10 04:19:31,KMIALLSHR,OGDC,Oil & Gas Development Company Limited,333.55,335.49,1.94,0.58%,10.90%,45.62,"93,891","4,301","1,442,918"
2026-07-10 04:19:31,KMIALLSHR,SSGC,Sui Southern Gas Company Limited,31.07,31.25,0.18,0.58%,0.21%,0.87,"92,220",881,"27,529"
2026-07-10 04:19:31,KMIALLSHR,NRL,National Refinery Limited,391.52,397.00,5.48,1.40%,0.24%,2.40,"90,365",80,"31,747"
2026-07-10 04:19:31,KMIALLSHR,PIBTL,Pakistan International Bulk Terminal,18.02,18.15,0.13,0.72%,0.24%,1.27,"81,115","1,786","32,418"
2026-07-10 04:19:31,KMIALLSHR,SLGL,Secure Logistics-Trax Group Limited,17.35,17.69,0.34,1.96%,0.06%,0.78,"57,300",422,"7,462"
2026-07-10 04:19:31,KMIALLSHR,BNL,Bunnys Limited,7.02,7.00,-0.02,-0.29%,0.04%,-0.07,"57,099",668,"4,676"
2026-07-10 04:19:31,KMIALLSHR,GCIL,Ghani Chemical Industries Limited,37.14,37.52,0.38,1.02%,0.16%,1.19,"54,361",570,"21,403"
2026-07-10 04:19:31,KMIALLSHR,FECTC,Fecto Cement Limited,116.69,116.95,0.26,0.22%,0.04%,0.07,"51,002",50,"5,866"
2026-07-10 04:19:31,KMIALLSHR,GAL,Ghandhara Automobiles Limited,595.45,597.95,2.50,0.42%,0.26%,0.78,"50,012",57,"34,085"
2026-07-10 04:19:31,KMIALLSHR,BECO,Beco Steel Limited,5.41,5.41,0.00,0.00%,0.05%,0.00,"50,000","1,250","6,760"
2026-07-10 04:19:31,KMIALLSHR,TPLRF1,TPL REIT Fund I,10.04,10.10,0.06,0.60%,0.14%,0.60,"49,000","1,835","18,534"
2026-07-10 04:19:31,KMIALLSHR,PPL,Pakistan Petroleum Limited,235.62,237.40,1.78,0.76%,4.88%,26.48,"43,387","2,721","645,958"
2026-07-10 04:19:31,KMIALLSHR,MUGHAL,Mughal Iron & Steel Industries Limited,88.73,89.00,0.27,0.30%,0.23%,0.50,"42,114",336,"29,871"
2026-07-10 04:19:31,KMIALLSHR,RPL,Roshan Packages Limited,19.21,19.25,0.04,0.21%,0.02%,0.03,"40,512",142,"2,732"
2026-07-10 04:19:31,KMIALLSHR,PSO,Pakistan State Oil Company Limited,350.67,352.98,2.31,0.66%,1.25%,5.93,"35,820",469,"165,715"
2026-07-10 04:19:31,KMIALLSHR,MEBL,Meezan Bank Limited,544.60,551.50,6.90,1.27%,7.50%,67.93,"29,453","1,801","993,006"
2026-07-10 04:19:31,KMIALLSHR,SLM,Service Long March Tyres Limited,24.57,24.60,0.03,0.12%,1.45%,1.28,"28,569","7,795","191,751"
2026-07-10 04:19:31,KMIALLSHR,TOMCL,The Organic Meat Company Limited,40.66,41.39,0.73,1.80%,0.06%,0.78,"27,233",196,"8,127"
2026-07-10 04:19:31,KMIALLSHR,SEARL,The Searle Company Limited,95.48,96.40,0.92,0.96%,0.43%,2.96,"26,997",588,"56,704"
2026-07-10 04:19:31,KMIALLSHR,LUCK,Lucky Cement Limited,466.59,472.50,5.91,1.27%,5.23%,47.34,"25,834","1,465","692,213"
2026-07-10 04:19:31,KMIALLSHR,FPJM,First Punjab Modaraba,9.24,10.00,0.76,8.23%,0.00%,0.14,"25,000",34,340
2026-07-10 04:19:31,KMIALLSHR,STCL,Shabbir Tiles & Ceramics Limited,11.87,11.90,0.03,0.25%,0.02%,0.04,"25,000",239,"2,848"
2026-07-10 04:19:31,KMIALLSHR,ZAHID,Zahidjee Textile Mills Limited,94.08,95.90,1.82,1.93%,0.14%,1.90,"22,588",191,"18,357"
2026-07-10 04:19:31,KMIALLSHR,SPSL,Sitara Petroleum Service Limited,18.51,18.56,0.05,0.27%,0.24%,0.46,"21,450","1,680","31,179"
2026-07-10 04:19:31,KMIALLSHR,IPAKXB,International Packaging Films Limited,37.74,37.74,0.00,0.00%,0.21%,0.00,"20,190",735,"27,747"
2026-07-10 04:19:31,KMIALLSHR,HUBC,The Hub Power Company Limited,226.93,228.75,1.82,0.80%,2.24%,12.91,"19,902","1,297","296,724"
2026-07-10 04:19:31,KMIALLSHR,SYS,Systems Limited,143.27,144.99,1.72,1.20%,1.61%,13.86,"18,880","1,473","213,629"
2026-07-10 04:19:31,KMIALLSHR,TREET,Treet Corporation Limited,24.80,25.20,0.40,1.61%,0.07%,0.81,"18,658",371,"9,350"
2026-07-10 04:19:31,KMIALLSHR,AVN,Avanceon Limited,34.62,34.95,0.33,0.95%,0.11%,0.78,"17,902",430,"15,017"
2026-07-10 04:19:31,KMIALLSHR,BLUEX,Blue-Ex Limited,8.01,8.15,0.14,1.75%,0.02%,0.22,"16,961",284,"2,317"
2026-07-10 04:19:31,KMIALLSHR,JVDC,Javedan Corporation Limited,149.04,150.00,0.96,0.64%,0.43%,2.00,"14,399",381,"57,129"
2026-07-10 04:19:31,KMIALLSHR,HCAR,Honda Atlas Cars (Pakistan) Limited,246.31,247.00,0.69,0.28%,0.27%,0.54,"14,217",143,"35,272"
2026-07-10 04:19:31,KMIALLSHR,ATRL,Attock Refinery Limited,911.75,914.50,2.75,0.30%,0.74%,1.60,"14,138",107,"97,501"
2026-07-10 04:19:31,KMIALLSHR,UNITY,Unity Foods Limited,10.20,10.31,0.11,1.08%,0.09%,0.72,"13,386","1,194","12,311"
2026-07-10 04:19:31,KMIALLSHR,FFL,Fauji Foods Limited,17.48,17.72,0.24,1.37%,0.34%,3.31,"13,325","2,520","44,654"
2026-07-10 04:19:31,KMIALLSHR,OCTOPUS,Octopus Digital Limited,33.61,34.00,0.39,1.16%,0.04%,0.34,"12,700",157,"5,347"
2026-07-10 04:19:31,KMIALLSHR,SNGP,Sui Northern Gas Pipelines Limited,114.23,115.75,1.52,1.33%,0.55%,5.27,"12,557",634,"73,411"
2026-07-10 04:19:31,KMIALLSHR,DCL,Dewan Cement Limited,11.14,11.25,0.11,0.99%,0.04%,0.29,"12,006",484,"5,446"
2026-07-10 04:19:31,KMIALLSHR,ASCNC,Al Shaheer Corporation Limited,13.77,13.75,-0.02,-0.14%,0.04%,-0.04,"11,600",375,"5,155"
2026-07-10 04:19:31,KMIALLSHR,TELE,Telecard Limited,9.00,9.08,0.08,0.89%,0.02%,0.15,"10,010",339,"3,075"
2026-07-10 04:19:31,KMIALLSHR,MIRKS,Mirpurkhas Sugar Mills Limited,35.95,36.90,0.95,2.64%,0.02%,0.35,"10,001",67,"2,456"
2026-07-10 04:19:31,KMIALLSHR,KOHTM,Kohat Textile Mills Limited,154.67,153.00,-1.67,-1.08%,0.02%,-0.19,"9,829",21,"3,182"
2026-07-10 04:19:31,KMIALLSHR,GOC,GOC (Pak) Limited.,139.14,150.00,10.86,7.81%,0.01%,0.44,"9,752",7,"1,102"
2026-07-10 04:19:31,KMIALLSHR,ENGROH,Engro Holdings Limited,279.99,282.00,2.01,0.72%,2.57%,13.23,"9,599","1,204","339,593"
2026-07-10 04:19:31,KMIALLSHR,CHAS,Chashma Sugar Mills Limited,123.82,130.00,6.18,4.99%,0.03%,0.97,"9,582",29,"3,730"
2026-07-10 04:19:31,KMIALLSHR,BAFS,Baba Farid Sugar Mills Limited,431.37,474.50,43.13,10.00%,0.03%,2.23,"9,347",9,"4,484"
2026-07-10 04:19:31,KMIALLSHR,MEHT,Mehmood Textile Mills Limited,226.07,220.00,-6.07,-2.68%,0.05%,-1.00,"8,862",30,"6,600"
2026-07-10 04:19:31,KMIALLSHR,SPEL,SPEL Limited,55.31,55.83,0.52,0.94%,0.08%,0.57,"8,548",200,"11,151"
2026-07-10 04:19:31,KMIALLSHR,CPHL,Citi Pharma Ltd.,79.12,79.75,0.63,0.80%,0.14%,0.79,"8,002",228,"18,220"
2026-07-10 04:19:31,KMIALLSHR,PICT,Pakistan International Container,51.03,51.30,0.27,0.53%,0.04%,0.16,"7,510",109,"5,600"
2026-07-10 04:19:31,KMIALLSHR,FFC,Fauji Fertilizer Company Limited,561.81,564.00,2.19,0.39%,6.13%,17.23,"7,054","1,439","811,609"
2026-07-10 04:19:31,KMIALLSHR,FTSM,First Tri-Star Modaraba,37.47,39.00,1.53,4.08%,0.01%,0.18,"7,036",21,825
2026-07-10 04:19:31,KMIALLSHR,MARI,Mari Energies Limited,675.65,680.00,4.35,0.64%,6.17%,28.56,"7,028","1,201","816,423"
2026-07-10 04:19:31,KMIALLSHR,GDL,Ghani Dairies Limited,20.09,20.30,0.21,1.05%,0.07%,0.49,"7,011",429,"8,713"
2026-07-10 04:19:31,KMIALLSHR,FIBLM,First IBL Modaraba,12.13,12.16,0.03,0.25%,0.00%,0.00,"7,010",22,264
2026-07-10 04:19:31,KMIALLSHR,PKGS,Packages Limited,796.08,814.90,18.82,2.36%,0.55%,9.20,"6,700",89,"72,835"
2026-07-10 04:19:31,KMIALLSHR,WASL,Wasl Mobility Modaraba,5.34,5.26,-0.08,-1.50%,0.01%,-0.07,"6,301",161,845
2026-07-10 04:19:31,KMIALLSHR,PREMA,At-Tahur Limited,33.41,33.88,0.47,1.41%,0.06%,0.56,"6,261",219,"7,408"
2026-07-10 04:19:31,KMIALLSHR,ILP,Interloop Limited,104.79,105.98,1.19,1.14%,1.12%,9.12,"5,479","1,402","148,553"
2026-07-10 04:19:31,KMIALLSHR,BIPL,BankIslami Pakistan Limited,28.01,28.19,0.18,0.64%,0.24%,1.09,"5,450","1,109","31,254"
2026-07-10 04:19:31,KMIALLSHR,SERT,Service Industries Textiles Limited,52.46,57.71,5.25,10.01%,0.01%,0.40,"5,373",14,796
2026-07-10 04:19:31,KMIALLSHR,STYLERS,Stylers International Limited,49.02,52.95,3.93,8.02%,0.20%,10.50,"5,200",489,"25,883"
2026-07-10 04:19:31,KMIALLSHR,GATM,Gul Ahmed Textile Mills Limited,28.79,29.15,0.36,1.25%,0.16%,1.46,"5,122",740,"21,573"
2026-07-10 04:19:31,KMIALLSHR,CEPB,Century Paper & Board Mills Limited,31.59,31.95,0.36,1.14%,0.10%,0.79,"5,000",402,"12,835"
2026-07-10 04:19:31,KMIALLSHR,HRPL,Habib Rice Product Limited.,21.25,21.40,0.15,0.71%,0.01%,0.03,"5,000",40,856
2026-07-10 04:19:31,KMIALLSHR,LOADS,Loads Limited,14.40,14.50,0.10,0.69%,0.04%,0.20,"4,942",371,"5,383"
2026-07-10 04:19:31,KMIALLSHR,FATIMA,Fatima Fertilizer Company Limited,163.22,164.50,1.28,0.78%,2.61%,14.70,"4,736","2,100","345,450"
2026-07-10 04:19:31,KMIALLSHR,ASL,Aisha Steel Mills Limited,12.94,13.00,0.06,0.46%,0.09%,0.31,"4,130",931,"12,100"
2026-07-10 04:19:31,KMIALLSHR,DOL,Descon Oxychem Limited,33.58,32.98,-0.60,-1.79%,0.04%,-0.57,"4,048",175,"5,773"
2026-07-10 04:19:31,KMIALLSHR,ZTL,Zephyr Textiles Limited,21.32,21.50,0.18,0.84%,0.01%,0.06,"3,500",59,"1,278"
2026-07-10 04:19:31,KMIALLSHR,AIRLINK,Air Link Communication Limited,149.94,151.80,1.86,1.24%,0.45%,4.02,"3,465",395,"60,002"
2026-07-10 04:19:31,KMIALLSHR,SAZEW,Sazgar Engineering Works Limited,"2,054.39","2,054.37",-0.02,0.00%,0.94%,-0.01,"2,977",60,"124,178"
2026-07-10 04:19:31,KMIALLSHR,AGP,AGP Limited,207.28,210.00,2.72,1.31%,0.44%,4.16,"2,825",280,"58,800"
2026-07-10 04:19:31,KMIALLSHR,GLAXO,GlaxoSmithKline Pakistan Limited,370.22,372.75,2.53,0.68%,0.90%,4.41,"2,793",318,"118,709"
2026-07-10 04:19:31,KMIALLSHR,QUETNC,Quetta Textile Mills Limited,16.49,16.80,0.31,1.88%,0.00%,0.02,"2,775",13,218
2026-07-10 04:19:31,KMIALLSHR,EMCO,Emco Industries Limited,57.73,57.73,0.00,0.00%,0.02%,0.00,"2,500",35,"2,021"
2026-07-10 04:19:31,KMIALLSHR,QUICE,Quice Food Industries Limited,34.06,34.40,0.34,1.00%,0.03%,0.18,"2,500",98,"3,387"
2026-07-10 04:19:31,KMIALLSHR,POWER,Power Cement Limited,22.13,22.20,0.07,0.32%,0.22%,0.49,"2,406","1,291","28,650"
2026-07-10 04:19:31,KMIALLSHR,TRSM,Trust Modaraba,16.34,16.35,0.01,0.06%,0.00%,0.00,"2,401",30,487
2026-07-10 04:19:31,KMIALLSHR,NETSOL,NetSol Technologies Limited,128.24,129.00,0.76,0.59%,0.09%,0.37,"2,071",90,"11,589"
2026-07-10 04:19:31,KMIALLSHR,SARC,Sardar Chemical Industries Limited,102.34,104.90,2.56,2.50%,0.00%,0.08,"2,001",6,629
2026-07-10 04:19:31,KMIALLSHR,BFBIO,BF Biosciences Limited,138.55,138.50,-0.05,-0.04%,0.09%,-0.02,"1,975",88,"12,234"
2026-07-10 04:19:31,KMIALLSHR,OML,Olympia Mills Limited,64.61,67.00,2.39,3.70%,0.01%,0.16,"1,601",12,804
2026-07-10 04:19:31,KMIALLSHR,FABL,Faysal Bank Limited,101.32,101.87,0.55,0.54%,1.17%,4.56,"1,535","1,518","154,608"
2026-07-10 04:19:31,KMIALLSHR,GGL,Ghani Global Holdings Limited,24.81,25.00,0.19,0.77%,0.07%,0.37,"1,503",354,"8,853"
2026-07-10 04:19:31,KMIALLSHR,FFLM,First Fidelity Leasing Modaraba,18.77,19.04,0.27,1.44%,0.00%,0.04,"1,437",26,503
2026-07-10 04:19:31,KMIALLSHR,BPL,Burshane LPG (Pakistan) Limited,54.50,53.00,-1.50,-2.75%,0.01%,-0.18,"1,340",22,"1,192"
2026-07-10 04:19:31,KMIALLSHR,FML,Feroze1888 Mills Limited,61.60,62.98,1.38,2.24%,0.19%,3.01,"1,190",399,"25,155"
2026-07-10 04:19:31,KMIALLSHR,CLOV,Clover Pakistan Limited,8.00,8.10,0.10,1.25%,0.02%,0.21,"1,189",389,"3,153"
2026-07-10 04:19:31,KMIALLSHR,KOHC,Kohat Cement Company Limited,100.15,101.49,1.34,1.34%,0.71%,6.74,"1,079",919,"93,300"
2026-07-10 04:19:31,KMIALLSHR,IDRT,Idrees Textile Mills Limited,41.18,40.55,-0.63,-1.53%,0.01%,-0.07,"1,005",20,805
2026-07-10 04:19:31,KMIALLSHR,QTECH,Quantum Data Technologies Limited,50.12,50.89,0.77,1.54%,0.05%,0.51,"1,000",122,"6,187"
2026-07-10 04:19:31,KMIALLSHR,EFERT,Engro Fertilizers Limited,195.68,195.17,-0.51,-0.26%,1.97%,-3.72,947,"1,335","260,610"
2026-07-10 04:19:31,KMIALLSHR,DCR,Dolmen City REIT,38.61,38.50,-0.11,-0.29%,0.65%,-1.34,922,"2,224","85,612"
2026-07-10 04:19:31,KMIALLSHR,GCWL,Ghani Chemworld Limited,17.42,17.42,0.00,0.00%,0.03%,0.00,612,250,"4,358"
2026-07-10 04:19:31,KMIALLSHR,ZAL,Zarea Limited,42.82,43.01,0.19,0.44%,0.09%,0.27,610,263,"11,290"
2026-07-10 04:19:31,KMIALLSHR,SZTM,Shahzad Textile Mills Limited,95.81,94.50,-1.31,-1.37%,0.01%,-0.13,588,18,"1,698"
2026-07-10 04:19:31,KMIALLSHR,HINO,Hinopak Motors Limited,429.28,432.00,2.72,0.63%,0.08%,0.37,560,25,"10,714"
2026-07-10 04:19:31,KMIALLSHR,NML,Nishat Mills Limited,153.56,154.96,1.40,0.91%,0.41%,2.69,550,352,"54,484"
2026-07-10 04:19:31,KMIALLSHR,IBLHL,IBL HealthCare Limited,55.09,55.77,0.68,1.23%,0.04%,0.37,500,99,"5,495"
2026-07-10 04:19:31,KMIALLSHR,JSML,Jauharabad Sugar Mills Limited,66.82,67.70,0.88,1.32%,0.02%,0.16,500,34,"2,310"
2026-07-10 04:19:31,KMIALLSHR,SYM,Symmetry Group Limited,11.51,11.30,-0.21,-1.82%,0.02%,-0.33,500,285,"3,223"
2026-07-10 04:19:31,KMIALLSHR,LCI,Lucky Core Industries Limited,236.28,236.30,0.02,0.01%,0.82%,0.05,439,462,"109,122"
2026-07-10 04:19:31,KMIALLSHR,AGTL,Al-Ghazi Tractors Limited,395.11,392.50,-2.61,-0.66%,0.17%,-0.83,402,58,"22,751"
2026-07-10 04:19:31,KMIALLSHR,MTL,Millat Tractors Limited,298.47,298.47,0.00,0.00%,0.90%,0.00,374,399,"119,099"
2026-07-10 04:19:31,KMIALLSHR,INKL,International Knitwear Limited,100.95,109.97,9.02,8.94%,0.01%,0.48,350,10,"1,064"
2026-07-10 04:19:31,KMIALLSHR,REDCO,Redco Textiles Limited,34.18,34.50,0.32,0.94%,0.01%,0.09,340,49,"1,701"
2026-07-10 04:19:31,KMIALLSHR,CHCC,Cherat Cement Company Limited,324.30,328.80,4.50,1.39%,0.48%,4.78,300,194,"63,884"
2026-07-10 04:19:31,KMIALLSHR,MRNS,Mehran Sugar Mills Limited,65.16,66.00,0.84,1.29%,0.04%,0.34,300,75,"4,945"
2026-07-10 04:19:31,KMIALLSHR,KPUS,Khairpur Sugar Mills Limited,"1,892.32","2,047.00",154.68,8.17%,0.25%,13.55,295,16,"32,788"
2026-07-10 04:19:31,KMIALLSHR,TGL,Tariq Glass Industries Limited,200.04,200.07,0.03,0.02%,0.26%,0.03,290,172,"34,445"
2026-07-10 04:19:31,KMIALLSHR,GWLC,Gharibwal Cement Limited,52.42,52.93,0.51,0.97%,0.16%,1.12,285,400,"21,187"
2026-07-10 04:19:31,KMIALLSHR,FEM,First Equity Modaraba,11.89,12.01,0.12,1.01%,0.00%,0.03,272,52,630
2026-07-10 04:19:31,KMIALLSHR,BERG,Berger Paints Pakistan Limited,107.93,109.59,1.66,1.54%,0.02%,0.22,250,25,"2,691"
2026-07-10 04:19:31,KMIALLSHR,BBFL,Big Bird Foods Limited,43.91,43.91,0.00,0.00%,0.10%,0.00,206,299,"13,125"
2026-07-10 04:19:31,KMIALLSHR,LPGL,Leiner Pak Gelatine Limited,95.49,95.99,0.50,0.52%,0.01%,0.02,200,8,720
2026-07-10 04:19:31,KMIALLSHR,MSCL,Metropolitan Steel Corporation Limited,27.03,27.98,0.95,3.52%,0.01%,0.16,200,31,867
2026-07-10 04:19:31,KMIALLSHR,STL,Supernet Technologies Limited,49.88,50.00,0.12,0.24%,0.04%,0.07,200,108,"5,381"
2026-07-10 04:19:31,KMIALLSHR,GADT,Gadoon Textile Mills Limited,306.48,300.05,-6.43,-2.10%,0.06%,-0.99,183,28,"8,410"
2026-07-10 04:19:31,KMIALLSHR,DAAG,Data Agro Limited,89.12,85.00,-4.12,-4.62%,0.00%,-0.09,152,4,340
2026-07-10 04:19:31,KMIALLSHR,ANTM,AN Textile Mills Limited,66.12,66.38,0.26,0.39%,0.00%,0.01,150,10,641
2026-07-10 04:19:31,KMIALLSHR,PIOC,Pioneer Cement Limited,271.84,277.98,6.14,2.26%,0.48%,7.63,150,227,"63,143"
2026-07-10 04:19:31,KMIALLSHR,FILNC,Fateh Industries Limited,429.14,472.05,42.91,10.00%,0.01%,0.47,141,2,944
2026-07-10 04:19:31,KMIALLSHR,LIVEN,Liven Pharma Limited,39.20,38.99,-0.21,-0.54%,0.03%,-0.13,116,113,"4,407"
2026-07-10 04:19:31,KMIALLSHR,EPQL,Engro Powergen Qadirpur Limited,25.55,25.56,0.01,0.04%,0.06%,0.02,100,324,"8,276"
2026-07-10 04:19:31,KMIALLSHR,FCEPL,Frieslandcampina Engro Pakistan Limited,106.48,106.95,0.47,0.44%,0.62%,1.97,100,767,"81,987"
2026-07-10 04:19:31,KMIALLSHR,ACPL,Attock Cement Pakistan Limited,225.28,227.00,1.72,0.76%,0.24%,1.29,86,137,"31,196"
2026-07-10 04:19:31,KMIALLSHR,MACTER,Macter International Limited,293.49,298.00,4.51,1.54%,0.10%,1.13,70,46,"13,652"
2026-07-10 04:19:31,KMIALLSHR,FCL,Fast Cables Limited,24.09,24.05,-0.04,-0.17%,0.12%,-0.14,63,645,"15,502"
2026-07-10 04:19:31,KMIALLSHR,FEROZ,Ferozsons Laboratories Limited,400.31,400.98,0.67,0.17%,0.13%,0.16,50,43,"17,430"
2026-07-10 04:19:31,KMIALLSHR,INIL,International Industries Limited,174.85,174.98,0.13,0.07%,0.17%,0.09,50,132,"23,077"
2026-07-10 04:19:31,KMIALLSHR,KSTMNC,Khalid Siraj Textile Mills Limited,13.50,14.39,0.89,6.59%,0.00%,0.05,50,11,154
2026-07-10 04:19:31,KMIALLSHR,RUBYNC,Ruby Textile Mills Limited,17.34,17.88,0.54,3.11%,0.01%,0.15,50,52,934
2026-07-10 04:19:31,KMIALLSHR,COLG,Colgate-Palmolive (Pakistan) Limited,"1,247.61","1,247.00",-0.61,-0.05%,2.29%,-0.81,41,243,"302,738"
2026-07-10 04:19:31,KMIALLSHR,HINOON,Highnoon Laboratories Limited,"1,003.28","1,009.90",6.62,0.66%,0.40%,1.92,30,53,"53,508"
2026-07-10 04:19:31,KMIALLSHR,BFAGRO,Barkat Frisian Agro Limited,36.11,36.50,0.39,1.08%,0.09%,0.66,26,310,"11,315"
2026-07-10 04:19:31,KMIALLSHR,BIFO,Biafo Industries Limited,126.76,128.43,1.67,1.32%,0.05%,0.42,20,46,"5,957"
2026-07-10 04:19:31,KMIALLSHR,POML,Punjab Oil Mills Limited,170.01,174.99,4.98,2.93%,0.01%,0.21,20,8,"1,358"
2026-07-10 04:19:31,KMIALLSHR,PMRS,The Premier Sugar Mills,638.72,638.00,-0.72,-0.11%,0.02%,-0.01,18,4,"2,393"
2026-07-10 04:19:31,KMIALLSHR,NSRM,The National Silk & Rayon Mills Limited,175.06,165.13,-9.93,-5.67%,0.02%,-0.84,17,16,"2,568"
2026-07-10 04:19:31,KMIALLSHR,WAHDAT,Wahdat Poultry Farm Limited,18.55,18.33,-0.22,-1.19%,0.05%,-0.40,15,335,"6,145"
2026-07-10 04:19:31,KMIALLSHR,SPLNC,Sitara Peroxide Limited,64.07,64.40,0.33,0.52%,0.03%,0.10,14,55,"3,548"
2026-07-10 04:19:31,KMIALLSHR,WAVES,Waves Corporation Limited,11.01,11.01,0.00,0.00%,0.02%,0.00,11,281,"3,098"
2026-07-10 04:19:31,KMIALLSHR,BCL,Bolan Castings Limited,76.56,78.55,1.99,2.60%,0.01%,0.12,10,11,901
2026-07-10 04:19:31,KMIALLSHR,JATM,J.A. Textile Mills Limited,34.55,34.00,-0.55,-1.59%,0.00%,-0.04,10,13,428
2026-07-10 04:19:31,KMIALLSHR,TOWL,Towellers Limited,124.86,124.50,-0.36,-0.29%,0.02%,-0.03,10,17,"2,117"
2026-07-10 04:19:31,KMIALLSHR,ECOP,Ecopack Limited,56.60,56.60,0.00,0.00%,0.02%,0.00,9,48,"2,731"
2026-07-10 04:19:31,KMIALLSHR,HALEON,Haleon Pakistan Limited,792.64,794.11,1.47,0.19%,0.70%,0.94,9,117,"92,954"
2026-07-10 04:19:31,KMIALLSHR,IBFL,Ibrahim Fibres Limited,360.85,368.00,7.15,1.98%,0.86%,12.14,8,311,"114,267"
2026-07-10 04:19:31,KMIALLSHR,TCORP,Tariq Corporation Limited,23.46,23.20,-0.26,-1.11%,0.01%,-0.09,5,66,"1,536"
2026-07-10 04:19:31,KMIALLSHR,ABOT,Abbott Laboratories (Pakistan) Limited,964.81,964.79,-0.02,0.00%,0.71%,-0.01,4,98,"94,453"
2026-07-10 04:19:31,KMIALLSHR,GHGLXD,Ghani Glass Limited,40.30,40.30,0.00,0.00%,0.30%,0.00,4,"1,000","40,289"
2026-07-10 04:19:31,KMIALLSHR,PTL,Panther Tyres Ltd.,55.15,55.25,0.10,0.18%,0.07%,0.09,3,168,"9,282"
2026-07-10 04:19:31,KMIALLSHR,CSAP,Crescent Steel & Allied Products Limited,108.57,106.12,-2.45,-2.26%,0.06%,-1.04,2,78,"8,238"
2026-07-10 04:19:31,KMIALLSHR,DSLNC,Dost Steels Limited,5.31,5.34,0.03,0.57%,0.02%,0.07,1,445,"2,375"
2026-07-10 04:19:31,KMIALLSHR,FLYNG,Flying Cement Company Limited,45.81,45.05,-0.76,-1.66%,0.24%,-2.89,1,695,"31,301"
2026-07-10 04:19:31,KMIALLSHR,JDMT,Janana De Malucho Textile Mills Limited,128.43,130.99,2.56,1.99%,0.01%,0.10,1,7,906
2026-07-10 04:19:31,KMIALLSHR,KSBP,KSB Pumps Company Limited,232.98,234.50,1.52,0.65%,0.05%,0.26,1,31,"7,246"
2026-07-10 04:19:31,KMIALLSHR,SINDM,Sindh Modaraba,24.43,25.25,0.82,3.36%,0.01%,0.20,1,45,"1,136"
2026-07-10 04:19:31,KMIALLSHR,AASMNC,Al-Abid Silk Mills Limited,3.49,3.49,0.34,10.79%,0.00%,0.00,0,13,47
2026-07-10 04:19:31,KMIALLSHR,ADAMS,Adam Sugar Mills Limited,67.79,67.79,0.49,0.73%,0.01%,0.00,0,17,"1,172"
2026-07-10 04:19:31,KMIALLSHR,AGIL,Agriauto Industries Limited,161.68,161.68,-1.32,-0.81%,0.04%,0.00,0,36,"5,820"
2026-07-10 04:19:31,KMIALLSHR,AHTM,Ahmad Hassan Textile Mills Limited,95.08,95.08,2.40,2.59%,0.01%,0.00,0,8,805
2026-07-10 04:19:31,KMIALLSHR,AKGL,Al-Khair Gadoon Limited,53.08,53.08,0.00,0.00%,0.00%,0.00,0,10,531
2026-07-10 04:19:31,KMIALLSHR,ALNRS,Al-Noor Sugar Mills Limited,131.72,131.72,0.00,0.00%,0.02%,0.00,0,20,"2,697"
2026-07-10 04:19:31,KMIALLSHR,ANL,Azgard Nine Limited,10.84,10.84,0.06,0.56%,0.04%,0.00,0,485,"5,262"
2026-07-10 04:19:31,KMIALLSHR,ARCTM,Arctic Textile Mills Limited,41.08,41.08,-0.95,-2.26%,0.00%,0.00,0,13,541
2026-07-10 04:19:31,KMIALLSHR,ARPL,Archroma Pakistan Limited,399.15,399.15,4.71,1.19%,0.10%,0.00,0,35,"13,796"
2026-07-10 04:19:31,KMIALLSHR,ASHT,Ashfaq Textile Mills Limited,35.01,35.01,-0.63,-1.77%,0.01%,0.00,0,47,"1,630"
2026-07-10 04:19:31,KMIALLSHR,ASTM,Asim Textile Mills Limited,26.01,26.01,-0.09,-0.34%,0.00%,0.00,0,15,395
2026-07-10 04:19:31,KMIALLSHR,ATBA,Atlas Battery Limited,216.80,216.80,2.48,1.16%,0.06%,0.00,0,35,"7,592"
2026-07-10 04:19:31,KMIALLSHR,AWTX,Allawasaya Tex. & Finishing Mills Ltd,"1,582.35","1,552.05",0.00,0.00%,0.01%,0.00,0,1,"1,242"
2026-07-10 04:19:31,KMIALLSHR,BATA,Bata Pakistan Limited,988.38,988.38,-0.54,-0.05%,0.06%,0.00,0,8,"7,472"
2026-07-10 04:19:31,KMIALLSHR,BFMOD,B.F. Modaraba,22.58,22.58,0.25,1.12%,0.00%,0.00,0,8,170
2026-07-10 04:19:31,KMIALLSHR,BHAT,Bhanero Textile Mills Limited,843.97,843.97,-50.32,-5.63%,0.02%,0.00,0,3,"2,566"
2026-07-10 04:19:31,KMIALLSHR,BNWM,Bannu Woollen Mills Limited,67.04,67.04,-0.47,-0.70%,0.00%,0.00,0,10,637
2026-07-10 04:19:31,KMIALLSHR,BTL,Blessed Textiles Limited,"1,071.55","1,071.55",0.00,0.00%,0.05%,0.00,0,6,"6,892"
2026-07-10 04:19:31,KMIALLSHR,BUXL,Buxly Paints Limited,206.43,206.43,-2.76,-1.32%,0.00%,0.00,0,1,297
2026-07-10 04:19:31,KMIALLSHR,BWHL,Baluchistan Wheels Limited,225.67,225.67,-0.81,-0.36%,0.02%,0.00,0,13,"3,009"
2026-07-10 04:19:31,KMIALLSHR,CCM,Crescent Cotton Mills Limited,41.27,41.27,-0.95,-2.25%,0.01%,0.00,0,23,935
2026-07-10 04:19:31,KMIALLSHR,CFL,Crescent Fibres Limited,62.97,62.97,0.52,0.83%,0.01%,0.00,0,12,782
2026-07-10 04:19:31,KMIALLSHR,CPPL,Cherat Packaging Limited,97.67,97.67,1.04,1.08%,0.04%,0.00,0,49,"4,795"
2026-07-10 04:19:31,KMIALLSHR,CRTM,The Crescent Textile Mills Limited,80.24,80.24,-2.04,-2.48%,0.06%,0.00,0,100,"8,024"
2026-07-10 04:19:31,KMIALLSHR,DADX,Dadex Eternit Limited,96.29,96.29,0.00,0.00%,0.01%,0.00,0,11,"1,036"
2026-07-10 04:19:31,KMIALLSHR,DBSLNC,Dadabhoy Sack Limited,7.00,7.00,0.00,0.00%,0.00%,0.00,0,4,28
2026-07-10 04:19:31,KMIALLSHR,DINT,Din Textile Mills Limited,78.40,78.40,2.90,3.84%,0.03%,0.00,0,52,"4,113"
2026-07-10 04:19:31,KMIALLSHR,DMC,D.M. Corporation Limited.,187.26,187.26,-0.66,-0.35%,0.00%,0.00,0,3,572
2026-07-10 04:19:31,KMIALLSHR,DNCC,Dandot Cement Company Limited,19.13,19.13,0.13,0.68%,0.05%,0.00,0,316,"6,052"
2026-07-10 04:19:31,KMIALLSHR,DWSMNC,Dewan Sugar Mills Limited,7.50,7.50,0.01,0.13%,0.01%,0.00,0,92,686
2026-07-10 04:19:31,KMIALLSHR,DYNO,Dynea Pakistan Limited,349.99,349.99,0.71,0.20%,0.05%,0.00,0,19,"6,605"
2026-07-10 04:19:31,KMIALLSHR,ELCM,Elahi Cotton Mills Limited,250.00,250.00,-0.44,-0.18%,0.00%,0.00,0,1,325
2026-07-10 04:19:31,KMIALLSHR,ELSM,Ellcot Spinning Mills Limited,132.38,132.38,0.00,0.00%,0.01%,0.00,0,11,"1,450"
2026-07-10 04:19:31,KMIALLSHR,EPCL,Engro Polymer & Chemicals Limited,34.75,34.75,0.88,2.60%,0.24%,0.00,0,909,"31,585"
2026-07-10 04:19:31,KMIALLSHR,EXIDE,Exide Pakistan Limited,530.68,530.68,-0.60,-0.11%,0.03%,0.00,0,8,"4,123"
2026-07-10 04:19:31,KMIALLSHR,FANM,First Al-Noor Modaraba,7.01,7.01,-0.03,-0.43%,0.00%,0.00,0,23,162
2026-07-10 04:19:31,KMIALLSHR,FASM,Faisal Spinning Mills Limited,326.98,326.98,7.12,2.23%,0.02%,0.00,0,10,"3,270"
2026-07-10 04:19:31,KMIALLSHR,FECM,First Elite Capital Modaraba,17.06,17.06,-0.48,-2.74%,0.00%,0.00,0,11,193
2026-07-10 04:19:31,KMIALLSHR,FHAM,First Habib Modaraba,33.63,33.63,-0.02,-0.06%,0.03%,0.00,0,111,"3,727"
2026-07-10 04:19:31,KMIALLSHR,FIMM,First Imrooz Modaraba,217.82,217.82,-8.45,-3.73%,0.00%,0.00,0,3,653
2026-07-10 04:19:31,KMIALLSHR,FNBMNC,First National Bank Modaraba,0.64,0.64,0.00,0.00%,0.00%,0.00,0,25,16
2026-07-10 04:19:31,KMIALLSHR,FPRM,First Paramount Modaraba,13.30,13.30,-0.70,-5.00%,0.00%,0.00,0,14,183
2026-07-10 04:19:31,KMIALLSHR,FRCL,Frontier Ceramics Limited,106.05,106.05,-6.66,-5.91%,0.03%,0.00,0,38,"4,017"
2026-07-10 04:19:31,KMIALLSHR,FRSM,Faran Sugar Mills Limited,49.17,49.17,0.23,0.47%,0.01%,0.00,0,40,"1,943"
2026-07-10 04:19:31,KMIALLSHR,FTMM,First Treet Manufacturing Modaraba,16.85,16.85,-0.13,-0.77%,0.02%,0.00,0,196,"3,296"
2026-07-10 04:19:31,KMIALLSHR,FZCM,Fazal Cloth Mills Limited,265.02,265.02,-8.35,-3.05%,0.06%,0.00,0,30,"7,951"
2026-07-10 04:19:31,KMIALLSHR,GATI,Gatron (Industries) Limited,87.88,87.88,-0.19,-0.22%,0.07%,0.00,0,109,"9,555"
2026-07-10 04:19:31,KMIALLSHR,GEMBCEM,Burj Clean Energy Modaraba(GEM),12.65,12.65,0.00,0.00%,0.01%,0.00,0,100,"1,265"
2026-07-10 04:19:31,KMIALLSHR,GEMMEL,Mughal Energy Limited(GEM),24.73,24.73,0.00,0.00%,0.04%,0.00,0,194,"4,800"
2026-07-10 04:19:31,KMIALLSHR,GEMPACRA,The Pakistan Credit Rating Agency Ltd,39.62,39.62,-4.40,-9.99%,0.02%,0.00,0,75,"2,953"
2026-07-10 04:19:31,KMIALLSHR,GEMPAPL,Pak Agro Packaging Limited(GEM),10.83,10.83,-1.17,-9.75%,0.00%,0.00,0,20,217
2026-07-10 04:19:31,KMIALLSHR,GFIL,Ghazi Fabrics International Limited,31.95,31.95,0.27,0.85%,0.01%,0.00,0,33,"1,043"
2026-07-10 04:19:31,KMIALLSHR,GGGL,Ghani Global Glass Limited,9.28,9.28,-0.11,-1.17%,0.02%,0.00,0,240,"2,227"
2026-07-10 04:19:31,KMIALLSHR,GIL,Good Luck Industries Ltd.,"2,118.73","1,000.00",50.00,5.26%,0.00%,0.00,0,0,300
2026-07-10 04:19:31,KMIALLSHR,GTYR,Ghandhara Tyre & Rubber Company Limited,31.82,31.82,0.23,0.73%,0.03%,0.00,0,122,"3,880"
2026-07-10 04:19:31,KMIALLSHR,GVGL,Ghani Value Glass Limited,54.88,54.88,-2.12,-3.72%,0.06%,0.00,0,150,"8,229"
2026-07-10 04:19:31,KMIALLSHR,HAEL,Hala Enterprises Limited,33.93,33.93,0.14,0.41%,0.00%,0.00,0,13,441
2026-07-10 04:19:31,KMIALLSHR,HAFL,Hafiz Limited,468.21,468.21,-12.66,-2.63%,0.00%,0.00,0,1,562
2026-07-10 04:19:31,KMIALLSHR,HATMNC,Hamid Textile Mills Limited,0.97,0.97,0.00,0.00%,0.00%,0.00,0,13,13
2026-07-10 04:19:31,KMIALLSHR,HPL,Hoechst Pakistan Limited,"3,992.21","3,992.21",-6.79,-0.17%,0.29%,0.00,0,10,"38,504"
2026-07-10 04:19:31,KMIALLSHR,ICCI,ICC Industries Limited,14.57,14.57,0.59,4.22%,0.00%,0.00,0,30,437
2026-07-10 04:19:31,KMIALLSHR,ICL,Ittehad Chemicals Limted,148.69,148.69,0.42,0.28%,0.11%,0.00,0,100,"14,869"
2026-07-10 04:19:31,KMIALLSHR,IDSM,Ideal Spinning Mills Limited,58.32,58.32,-1.68,-2.80%,0.00%,0.00,0,10,579
2026-07-10 04:19:31,KMIALLSHR,IMAGE,Image Pakistan Limited,26.05,26.05,-0.06,-0.23%,0.05%,0.00,0,230,"6,001"
2026-07-10 04:19:31,KMIALLSHR,IREIT,Image Reit,8.19,8.19,-0.06,-0.73%,0.02%,0.00,0,276,"2,259"
2026-07-10 04:19:31,KMIALLSHR,ISIL,Ismail Industries Limited,"1,927.76","1,927.76",13.35,0.70%,0.97%,0.00,0,66,"127,920"
2026-07-10 04:19:31,KMIALLSHR,ISL,International Steels Limited,91.10,91.10,-0.69,-0.75%,0.30%,0.00,0,435,"39,629"
2026-07-10 04:19:31,KMIALLSHR,JDWS,JDW Sugar Mills Limited,964.93,964.93,-6.81,-0.70%,0.42%,0.00,0,58,"55,750"
2026-07-10 04:19:31,KMIALLSHR,JUBSNC,Jubilee Spinning & Weaving Mills Ltd.,55.70,55.70,1.58,2.92%,0.01%,0.00,0,32,"1,810"
2026-07-10 04:19:31,KMIALLSHR,KCL,Karam Ceramics Limited,127.63,127.63,0.00,0.00%,0.01%,0.00,0,15,"1,857"
2026-07-10 04:19:31,KMIALLSHR,KHYT,Khyber Textile Mills Limited,"1,663.46","1,663.46",57.42,3.57%,0.02%,0.00,0,1,"2,042"
2026-07-10 04:19:31,KMIALLSHR,KOHE,Kohinoor Energy Limited,15.96,15.96,0.05,0.31%,0.02%,0.00,0,169,"2,705"
2026-07-10 04:19:31,KMIALLSHR,KTML,Kohinoor Textile Mills Limited,51.37,51.37,-0.09,-0.18%,0.52%,0.00,0,"1,346","69,170"
2026-07-10 04:19:31,KMIALLSHR,LEUL,Leather Up Limited,47.98,47.98,0.13,0.27%,0.00%,0.00,0,6,288
2026-07-10 04:19:31,KMIALLSHR,MERIT,Merit Packaging Limited,10.99,10.99,0.09,0.83%,0.02%,0.00,0,200,"2,198"
2026-07-10 04:19:31,KMIALLSHR,MFFL,Mitchells Fruit Farms Limited,175.50,175.50,-1.94,-1.09%,0.03%,0.00,0,23,"4,015"
2026-07-10 04:19:31,KMIALLSHR,MFL,Matco Foods Limited,43.32,43.32,-0.13,-0.30%,0.04%,0.00,0,122,"5,302"
2026-07-10 04:19:31,KMIALLSHR,MQTM,Maqbool Textile Mills Limited,25.51,25.51,-0.32,-1.24%,0.00%,0.00,0,18,470
2026-07-10 04:19:31,KMIALLSHR,MUBTNC,Mubarak Textile Mills Limited,3.85,3.85,-1.00,-20.62%,0.00%,0.00,0,5,21
2026-07-10 04:19:31,KMIALLSHR,MWMP,Mandviwala Mauser Plastic Industries,69.41,69.41,0.19,0.27%,0.02%,0.00,0,29,"1,995"
2026-07-10 04:19:31,KMIALLSHR,NATM,Nadeem Textile Mills Limited,85.16,84.49,0.00,0.00%,0.01%,0.00,0,21,"1,797"
2026-07-10 04:19:31,KMIALLSHR,NCMLNC,Nazir Cotton Mills Limited,14.94,14.94,-0.56,-3.61%,0.00%,0.00,0,23,344
2026-07-10 04:19:31,KMIALLSHR,NESTLE,Nestle Pakistan Limited,"7,597.15","7,597.15",27.48,0.36%,2.60%,0.00,0,45,"344,528"
2026-07-10 04:19:31,KMIALLSHR,NONS,Noon Sugar Mills Limited,106.17,106.17,-2.47,-2.27%,0.01%,0.00,0,17,"1,754"
2026-07-10 04:19:31,KMIALLSHR,NRSL,Nimir Resins Limited,34.61,34.61,0.44,1.29%,0.04%,0.00,0,141,"4,891"
2026-07-10 04:19:31,KMIALLSHR,OLPM,OLP Modaraba,25.00,25.00,0.23,0.93%,0.01%,0.00,0,45,"1,135"
2026-07-10 04:19:31,KMIALLSHR,ORM,Orient Rental Mod,10.52,10.52,-0.11,-1.03%,0.01%,0.00,0,75,789
2026-07-10 04:19:31,KMIALLSHR,OTSU,Otsuka Pakistan Limited,377.21,377.21,9.26,2.52%,0.03%,0.00,0,12,"4,564"
2026-07-10 04:19:31,KMIALLSHR,PAKD,Pak Datacom Limited,128.65,128.65,0.08,0.06%,0.01%,0.00,0,12,"1,526"
2026-07-10 04:19:31,KMIALLSHR,PAKOXY,Pakistan Oxygen Limited,296.26,296.26,1.03,0.35%,0.19%,0.00,0,87,"25,811"
2026-07-10 04:19:31,KMIALLSHR,PAKQATAR,Pak Qatar Family Takaful Limited,22.72,22.72,0.45,2.02%,0.04%,0.00,0,231,"5,242"
2026-07-10 04:19:31,KMIALLSHR,PIM,Popular Islamic Modaraba,23.56,23.56,-0.73,-3.00%,0.00%,0.00,0,20,471
2026-07-10 04:19:31,KMIALLSHR,PPP,Pakistan Paper Products Limited,140.44,140.44,0.73,0.52%,0.01%,0.00,0,8,"1,124"
2026-07-10 04:19:31,KMIALLSHR,PQGTL,Pak Qatar General Takaful Limited,15.17,15.17,0.12,0.80%,0.01%,0.00,0,101,"1,534"
2026-07-10 04:19:31,KMIALLSHR,PSEL,Pakistan Services Limited,907.62,907.62,5.60,0.62%,0.22%,0.00,0,33,"29,520"
2026-07-10 04:19:31,KMIALLSHR,PSYL,Pakistan Synthetics Limited,137.75,137.75,0.00,0.00%,0.14%,0.00,0,139,"19,106"
2026-07-10 04:19:31,KMIALLSHR,REWM,Reliance Weaving Mills Limited,179.60,179.60,2.60,1.47%,0.04%,0.00,0,31,"5,534"
2026-07-10 04:19:31,KMIALLSHR,RMPL,Rafhan Maize Products Company Limited,"9,460.33","9,460.33",-27.17,-0.29%,0.66%,0.00,0,9,"87,379"
2026-07-10 04:19:31,KMIALLSHR,RUPL,Rupali Polyester Limited,31.80,31.80,0.69,2.22%,0.01%,0.00,0,34,"1,083"
2026-07-10 04:19:31,KMIALLSHR,SANSM,Sanghar Sugar Mills Limited,129.28,129.28,0.00,0.00%,0.01%,0.00,0,12,"1,544"
2026-07-10 04:19:31,KMIALLSHR,SAPT,Sapphire Textile Mills Limited,"1,502.00","1,502.00",-0.25,-0.02%,0.25%,0.00,0,22,"32,578"
2026-07-10 04:19:31,KMIALLSHR,SASML,Sindh Abadgars Sugar Mills Limited,385.00,385.00,0.00,0.00%,0.03%,0.00,0,10,"4,014"
2026-07-10 04:19:31,KMIALLSHR,SCL,Shield Corporation Limited,752.00,752.00,0.00,0.00%,0.02%,0.00,0,4,"2,933"
2026-07-10 04:19:31,KMIALLSHR,SEL,Sitara Energy Limited,32.94,32.94,-0.53,-1.58%,0.00%,0.00,0,19,629
2026-07-10 04:19:31,KMIALLSHR,SGABLNC,SG.Allied Businesses Limited,126.00,126.00,0.00,0.00%,0.01%,0.00,0,15,"1,890"
2026-07-10 04:19:31,KMIALLSHR,SGF,Service GlobalFootwear Limited,117.87,117.87,2.04,1.76%,0.18%,0.00,0,206,"24,336"
2026-07-10 04:19:31,KMIALLSHR,SHCM,Shadman Cotton Mills Limited,49.63,49.63,0.00,0.00%,0.01%,0.00,0,18,875
2026-07-10 04:19:31,KMIALLSHR,SHDT,Shadab Textile Mills Limited,63.62,63.62,-0.42,-0.66%,0.01%,0.00,0,23,"1,454"
2026-07-10 04:19:31,KMIALLSHR,SHFA,Shifa International Hospitals Limited,526.49,526.49,4.02,0.77%,0.25%,0.00,0,63,"33,282"
2026-07-10 04:19:31,KMIALLSHR,SHSML,Shahmurad Sugar Mills Limited,395.99,395.99,8.72,2.25%,0.06%,0.00,0,21,"8,363"
2026-07-10 04:19:31,KMIALLSHR,SIEM,Siemens (Pakistan) Engineering,"1,517.46","1,517.46",1.46,0.10%,0.09%,0.00,0,8,"12,515"
2026-07-10 04:19:31,KMIALLSHR,SITC,Sitara Chemical Industries Limited,840.73,840.73,-8.95,-1.05%,0.14%,0.00,0,21,"18,016"
2026-07-10 04:19:31,KMIALLSHR,SKRSNC,Sakrand Sugar Mills Limited,29.28,29.28,0.60,2.09%,0.01%,0.00,0,45,"1,306"
2026-07-10 04:19:31,KMIALLSHR,SMCPL,Safe Mix Concrete Limited,45.33,45.33,0.43,0.96%,0.01%,0.00,0,25,"1,133"
2026-07-10 04:19:31,KMIALLSHR,SMLNC,Shakarganj Limited,114.58,114.58,0.00,0.00%,0.11%,0.00,0,125,"14,323"
2026-07-10 04:19:31,KMIALLSHR,SNAI,Sana Industries Limited,39.69,39.69,0.63,1.61%,0.01%,0.00,0,20,792
2026-07-10 04:19:31,KMIALLSHR,SRR,Signature Residency Reit,16.30,16.30,0.09,0.56%,0.00%,0.00,0,33,538
2026-07-10 04:19:31,KMIALLSHR,SRVI,Service Industries Limited,"2,155.45","2,155.45",-0.52,-0.02%,0.77%,0.00,0,47,"101,279"
2026-07-10 04:19:31,KMIALLSHR,SSMLNC,Saritow Spinning Mills Limited,23.00,23.00,0.52,2.31%,0.01%,0.00,0,30,686
2026-07-10 04:19:31,KMIALLSHR,SSOM,S.S.Oil Mills Limited,453.95,453.95,1.39,0.31%,0.02%,0.00,0,6,"2,569"
2026-07-10 04:19:31,KMIALLSHR,STJT,Shahtaj Textile Limited,141.52,141.52,-3.48,-2.40%,0.01%,0.00,0,10,"1,367"
2026-07-10 04:19:31,KMIALLSHR,STML,Shams Textile Mills Limited,47.00,47.00,3.14,7.16%,0.00%,0.00,0,9,406
2026-07-10 04:19:31,KMIALLSHR,SUHJNC,Suhail Jute Mills Limited,179.71,179.71,2.01,1.13%,0.01%,0.00,0,4,779
2026-07-10 04:19:31,KMIALLSHR,SURC,Suraj Cotton Mills Limited,141.75,141.75,1.82,1.30%,0.05%,0.00,0,49,"6,919"
2026-07-10 04:19:31,KMIALLSHR,SWLNC,Standard Worldwide Limited,261.59,44.00,0.00,0.00%,0.00%,0.00,0,1,33
2026-07-10 04:19:31,KMIALLSHR,TATM,Tata Textile Mills Limited,136.32,136.32,-0.33,-0.24%,0.06%,0.00,0,56,"7,633"
2026-07-10 04:19:31,KMIALLSHR,TICL,The Thal Industries Corporation Limited,"1,001.05","1,001.05",1.05,0.11%,0.11%,0.00,0,15,"15,039"
2026-07-10 04:19:31,KMIALLSHR,UBDL,United Brands Limited,24.50,24.50,-0.31,-1.25%,0.02%,0.00,0,92,"2,249"
2026-07-10 04:19:31,KMIALLSHR,UDLI,UDL International Limited,18.34,18.34,-0.05,-0.27%,0.00%,0.00,0,35,644
2026-07-10 04:19:31,KMIALLSHR,UDPL,United Distributors Pakistan Limited,120.65,120.65,0.69,0.58%,0.03%,0.00,0,35,"4,255"
2026-07-10 04:19:31,KMIALLSHR,UPFL,Unilever Pakistan Foods Limited,"25,661.00","25,661.00",75.00,0.29%,1.24%,0.00,0,6,"163,459"
2026-07-10 04:19:31,KMIALLSHR,WAFI,Wafi Energy Pakistan Limited,196.04,196.04,-1.40,-0.71%,0.32%,0.00,0,214,"41,957"
2026-07-10 04:19:31,KMIALLSHR,WAHN,Wah Noble Chemicals Limited,301.10,301.10,-3.64,-1.19%,0.02%,0.00,0,9,"2,710"
2026-07-10 04:19:31,KMIALLSHR,ZIL,ZIL Limited,377.80,377.80,3.64,0.97%,0.02%,0.00,0,6,"2,313"
2026-07-10 04:19:31,PSXDIV20,BOP,The Bank of Punjab,35.96,36.30,0.34,0.95%,4.14%,34.34,"234,273","2,592","94,078"
2026-07-10 04:19:31,PSXDIV20,UBL,United Bank Limited,479.01,483.00,3.99,0.83%,5.53%,40.52,"72,321",261,"125,876"
2026-07-10 04:19:31,PSXDIV20,NBP,National Bank of Pakistan,209.67,211.40,1.73,0.83%,12.47%,90.42,"33,010","1,341","283,499"
2026-07-10 04:19:31,PSXDIV20,BAFL,Bank Alfalah Limited,58.76,58.86,0.10,0.17%,3.45%,5.20,"29,048","1,335","78,558"
2026-07-10 04:19:31,PSXDIV20,HUBC,The Hub Power Company Limited,226.93,228.75,1.82,0.80%,4.90%,34.54,"19,902",487,"111,386"
2026-07-10 04:19:31,PSXDIV20,AHCL,Arif Habib Corporation Limited,15.81,15.96,0.15,0.95%,4.12%,34.31,"17,879","5,870","93,686"
2026-07-10 04:19:31,PSXDIV20,FFC,Fauji Fertilizer Company Limited,561.81,564.00,2.19,0.39%,4.27%,14.70,"7,054",172,"97,134"
2026-07-10 04:19:31,PSXDIV20,KAPCO,Kot Addu Power Company Limited,28.02,28.31,0.29,1.04%,7.90%,71.74,"6,296","6,348","179,711"
2026-07-10 04:19:31,PSXDIV20,MCB,MCB Bank Limited,413.11,416.00,2.89,0.70%,3.76%,23.15,"6,011",206,"85,502"
2026-07-10 04:19:31,PSXDIV20,HBL,Habib Bank Limited,308.89,311.00,2.11,0.68%,5.26%,31.63,"5,095",385,"119,613"
2026-07-10 04:19:31,PSXDIV20,HMB,Habib Metropolitan Bank Limited,118.99,119.89,0.90,0.76%,3.31%,22.00,"2,600",627,"75,203"
2026-07-10 04:19:31,PSXDIV20,FABL,Faysal Bank Limited,101.32,101.87,0.55,0.54%,5.58%,26.68,"1,535","1,245","126,801"
2026-07-10 04:19:31,PSXDIV20,EFERT,Engro Fertilizers Limited,195.68,195.17,-0.51,-0.26%,3.79%,-8.78,947,442,"86,191"
2026-07-10 04:19:31,PSXDIV20,POL,Pakistan Oilfields Limited,682.80,681.99,-0.81,-0.12%,6.23%,-6.55,515,208,"141,578"
2026-07-10 04:19:31,PSXDIV20,MTL,Millat Tractors Limited,298.47,298.47,0.00,0.00%,3.96%,0.00,374,302,"90,051"
2026-07-10 04:19:31,PSXDIV20,NATF,National Foods Limited,394.63,395.88,1.25,0.32%,4.21%,11.79,153,242,"95,796"
2026-07-10 04:19:31,PSXDIV20,BAHL,Bank AL Habib Limited,176.21,176.90,0.69,0.39%,4.77%,16.49,14,613,"108,473"
2026-07-10 04:19:31,PSXDIV20,APL,Attock Petroleum Limited,549.62,549.62,0.00,0.00%,2.73%,0.00,4,113,"62,201"
2026-07-10 04:19:31,PSXDIV20,CSAP,Crescent Steel & Allied Products Limited,108.57,106.12,-2.45,-2.26%,5.61%,-114.71,2,"1,201","127,492"
2026-07-10 04:19:31,PSXDIV20,ISL,International Steels Limited,91.10,91.10,-0.69,-0.75%,4.02%,0.00,0,"1,004","91,506"
2026-07-10 04:19:31,UPP9,UBL,United Bank Limited,479.01,483.00,3.99,0.83%,18.33%,103.23,"72,321",851,"410,819"
2026-07-10 04:19:31,UPP9,MEBL,Meezan Bank Limited,544.60,551.50,6.90,1.27%,11.80%,100.66,"29,453",480,"264,516"
2026-07-10 04:19:31,UPP9,LUCK,Lucky Cement Limited,466.59,472.50,5.91,1.27%,9.87%,84.18,"25,834",468,"221,269"
2026-07-10 04:19:31,UPP9,HUBC,The Hub Power Company Limited,226.93,228.75,1.82,0.80%,10.58%,57.38,"19,902","1,037","237,124"
2026-07-10 04:19:31,UPP9,SYS,Systems Limited,143.27,144.99,1.72,1.20%,6.09%,49.28,"18,880",942,"136,575"
2026-07-10 04:19:31,UPP9,ENGROH,Engro Holdings Limited,279.99,282.00,2.01,0.72%,12.91%,62.76,"9,599","1,027","289,474"
2026-07-10 04:19:31,UPP9,FFC,Fauji Fertilizer Company Limited,561.81,564.00,2.19,0.39%,16.18%,42.83,"7,054",643,"362,666"
2026-07-10 04:19:31,UPP9,HBL,Habib Bank Limited,308.89,311.00,2.11,0.68%,8.67%,40.12,"5,095",625,"194,432"
2026-07-10 04:19:31,UPP9,EFERT,Engro Fertilizers Limited,195.68,195.17,-0.51,-0.26%,5.57%,-9.93,947,640,"124,958"
2026-07-10 04:19:31,NITPGI,OGDC,Oil & Gas Development Company Limited,333.55,335.49,1.94,0.58%,7.18%,20.97,"93,891",645,"216,438"
2026-07-10 04:19:31,NITPGI,UBL,United Bank Limited,479.01,483.00,3.99,0.83%,14.04%,58.59,"72,321",876,"423,343"
2026-07-10 04:19:31,NITPGI,PPL,Pakistan Petroleum Limited,235.62,237.40,1.78,0.76%,5.27%,19.96,"43,387",669,"158,912"
2026-07-10 04:19:31,NITPGI,MEBL,Meezan Bank Limited,544.60,551.50,6.90,1.27%,8.24%,52.04,"29,453",450,"248,251"
2026-07-10 04:19:31,NITPGI,LUCK,Lucky Cement Limited,466.59,472.50,5.91,1.27%,6.89%,43.52,"25,834",440,"207,664"
2026-07-10 04:19:31,NITPGI,HUBC,The Hub Power Company Limited,226.93,228.75,1.82,0.80%,7.38%,29.66,"19,902",973,"222,543"
2026-07-10 04:19:31,NITPGI,SYS,Systems Limited,143.27,144.99,1.72,1.20%,4.25%,25.47,"18,880",884,"128,132"
2026-07-10 04:19:31,NITPGI,ENGROH,Engro Holdings Limited,279.99,282.00,2.01,0.72%,9.01%,32.44,"9,599",963,"271,675"
2026-07-10 04:19:31,NITPGI,FFC,Fauji Fertilizer Company Limited,561.81,564.00,2.19,0.39%,15.98%,31.33,"7,054",854,"481,580"
2026-07-10 04:19:31,NITPGI,MARI,Mari Energies Limited,675.65,680.00,4.35,0.64%,5.42%,17.50,"7,028",240,"163,285"
2026-07-10 04:19:31,NITPGI,MCB,MCB Bank Limited,413.11,416.00,2.89,0.70%,5.72%,20.08,"6,011",415,"172,545"
2026-07-10 04:19:31,NITPGI,HBL,Habib Bank Limited,308.89,311.00,2.11,0.68%,6.05%,20.74,"5,095",587,"182,476"
2026-07-10 04:19:31,NITPGI,BAHL,Bank AL Habib Limited,176.21,176.90,0.69,0.39%,4.57%,8.99,14,778,"137,628"
2026-07-10 04:19:31,NBPPGI,OGDC,Oil & Gas Development Company Limited,333.55,335.49,1.94,0.58%,10.01%,31.23,"93,891",957,"321,029"
2026-07-10 04:19:31,NBPPGI,UBL,United Bank Limited,479.01,483.00,3.99,0.83%,9.45%,42.12,"72,321",627,"303,052"
2026-07-10 04:19:31,NBPPGI,PPL,Pakistan Petroleum Limited,235.62,237.40,1.78,0.76%,8.48%,34.30,"43,387","1,145","271,905"
2026-07-10 04:19:31,NBPPGI,NBP,National Bank of Pakistan,209.67,211.40,1.73,0.83%,6.13%,27.08,"33,010",930,"196,682"
2026-07-10 04:19:31,NBPPGI,MEBL,Meezan Bank Limited,544.60,551.50,6.90,1.27%,6.93%,46.77,"29,453",403,"222,188"
2026-07-10 04:19:31,NBPPGI,LUCK,Lucky Cement Limited,466.59,472.50,5.91,1.27%,6.80%,45.92,"25,834",462,"218,224"
2026-07-10 04:19:31,NBPPGI,HUBC,The Hub Power Company Limited,226.93,228.75,1.82,0.80%,9.15%,39.28,"19,902","1,283","293,440"
2026-07-10 04:19:31,NBPPGI,SYS,Systems Limited,143.27,144.99,1.72,1.20%,3.75%,24.01,"18,880",830,"120,298"
2026-07-10 04:19:31,NBPPGI,ENGROH,Engro Holdings Limited,279.99,282.00,2.01,0.72%,6.96%,26.79,"9,599",792,"223,416"
2026-07-10 04:19:31,NBPPGI,FFC,Fauji Fertilizer Company Limited,561.81,564.00,2.19,0.39%,10.02%,21.00,"7,054",570,"321,399"
2026-07-10 04:19:31,NBPPGI,MARI,Mari Energies Limited,675.65,680.00,4.35,0.64%,7.45%,25.72,"7,028",351,"238,960"
2026-07-10 04:19:31,NBPPGI,MCB,MCB Bank Limited,413.11,416.00,2.89,0.70%,3.70%,13.89,"6,011",286,"118,833"
2026-07-10 04:19:31,NBPPGI,HBL,Habib Bank Limited,308.89,311.00,2.11,0.68%,5.16%,18.90,"5,095",532,"165,592"
2026-07-10 04:19:31,NBPPGI,EFERT,Engro Fertilizers Limited,195.68,195.17,-0.51,-0.26%,3.18%,-4.49,947,523,"102,034"
2026-07-10 04:19:31,NBPPGI,BAHL,Bank AL Habib Limited,176.21,176.90,0.69,0.39%,2.84%,5.98,14,515,"91,052"
2026-07-10 04:19:31,MZNPI,MLCF,Maple Leaf Cement Factory Limited,102.77,104.30,1.53,1.49%,3.97%,19.00,"556,435",823,"85,832"
2026-07-10 04:19:31,MZNPI,DGKC,D.G. Khan Cement Company Limited,223.30,225.92,2.62,1.17%,3.97%,15.04,"184,738",380,"85,953"
2026-07-10 04:19:31,MZNPI,OGDC,Oil & Gas Development Company Limited,333.55,335.49,1.94,0.58%,9.63%,18.20,"93,891",622,"208,516"
2026-07-10 04:19:31,MZNPI,PPL,Pakistan Petroleum Limited,235.62,237.40,1.78,0.76%,7.07%,17.33,"43,387",645,"153,116"
2026-07-10 04:19:31,MZNPI,PSO,Pakistan State Oil Company Limited,350.67,352.98,2.31,0.66%,4.00%,8.55,"35,820",245,"86,519"
2026-07-10 04:19:31,MZNPI,MEBL,Meezan Bank Limited,544.60,551.50,6.90,1.27%,11.98%,48.95,"29,453",470,"259,223"
2026-07-10 04:19:31,MZNPI,LUCK,Lucky Cement Limited,466.59,472.50,5.91,1.27%,10.02%,40.93,"25,834",459,"216,841"
2026-07-10 04:19:31,MZNPI,HUBC,The Hub Power Company Limited,226.93,228.75,1.82,0.80%,10.74%,27.90,"19,902","1,016","232,378"
2026-07-10 04:19:31,MZNPI,ATRL,Attock Refinery Limited,911.75,914.50,2.75,0.30%,3.46%,3.40,"14,138",82,"74,853"
2026-07-10 04:19:31,MZNPI,ENGROH,Engro Holdings Limited,279.99,282.00,2.01,0.72%,13.11%,30.52,"9,599","1,006","283,681"
2026-07-10 04:19:31,MZNPI,FFC,Fauji Fertilizer Company Limited,561.81,564.00,2.19,0.39%,14.80%,18.77,"7,054",568,"320,289"
2026-07-10 04:19:31,MZNPI,MARI,Mari Energies Limited,675.65,680.00,4.35,0.64%,7.27%,15.19,"7,028",231,"157,308"
2026-07-10 04:19:31,JSMFI,MLCF,Maple Leaf Cement Factory Limited,102.77,104.30,1.53,1.49%,19.55%,122.73,"556,435",433,"45,214"
2026-07-10 04:19:31,JSMFI,PSX,Pakistan Stock Exchange Limited,54.73,55.60,0.87,1.59%,4.69%,31.42,"247,181",195,"10,852"
2026-07-10 04:19:31,JSMFI,DGKC,D.G. Khan Cement Company Limited,223.30,225.92,2.62,1.17%,20.28%,100.64,"184,738",208,"46,895"
2026-07-10 04:19:31,JSMFI,THCCL,Thatta Cement Company Limited,73.21,74.43,1.22,1.67%,7.43%,52.08,"133,633",231,"17,172"
2026-07-10 04:19:31,JSMFI,SSGC,Sui Southern Gas Company Limited,31.07,31.25,0.18,0.58%,13.42%,33.08,"92,220",993,"31,034"
2026-07-10 04:19:31,JSMFI,PIAHCLA,PIA Holding Company Limited,29.52,29.70,0.18,0.61%,5.51%,14.28,"73,160",429,"12,730"
2026-07-10 04:19:31,JSMFI,GAL,Ghandhara Automobiles Limited,595.45,597.95,2.50,0.42%,8.53%,15.26,"50,012",33,"19,729"
2026-07-10 04:19:31,JSMFI,TOMCL,The Organic Meat Company Limited,40.66,41.39,0.73,1.80%,3.84%,28.97,"27,233",214,"8,876"
2026-07-10 04:19:31,JSMFI,SNGP,Sui Northern Gas Pipelines Limited,114.23,115.75,1.52,1.33%,12.35%,69.39,"12,557",247,"28,557"
2026-07-10 04:19:31,JSMFI,ILP,Interloop Limited,104.79,105.98,1.19,1.14%,4.39%,21.10,"5,479",96,"10,155"
2026-07-10 04:19:31,ACI,MLCF,Maple Leaf Cement Factory Limited,102.77,104.30,1.53,1.49%,8.44%,30.55,"556,435",608,"63,391"
2026-07-10 04:19:31,ACI,FCCL,Fauji Cement Company Limited,55.47,56.45,0.98,1.77%,8.32%,35.63,"215,427","1,107","62,482"
2026-07-10 04:19:31,ACI,DGKC,D.G. Khan Cement Company Limited,223.30,225.92,2.62,1.17%,8.49%,24.31,"184,738",282,"63,807"
2026-07-10 04:19:31,ACI,MUGHAL,Mughal Iron & Steel Industries Limited,88.73,89.00,0.27,0.30%,1.79%,1.34,"42,114",151,"13,479"
2026-07-10 04:19:31,ACI,PSO,Pakistan State Oil Company Limited,350.67,352.98,2.31,0.66%,10.37%,16.75,"35,820",221,"77,897"
2026-07-10 04:19:31,ACI,SEARL,The Searle Company Limited,95.48,96.40,0.92,0.96%,4.87%,11.46,"26,997",379,"36,554"
2026-07-10 04:19:31,ACI,LUCK,Lucky Cement Limited,466.59,472.50,5.91,1.27%,10.12%,31.24,"25,834",161,"76,030"
2026-07-10 04:19:31,ACI,FFL,Fauji Foods Limited,17.48,17.72,0.24,1.37%,1.53%,5.12,"13,325",650,"11,514"
2026-07-10 04:19:31,ACI,SNGP,Sui Northern Gas Pipelines Limited,114.23,115.75,1.52,1.33%,5.04%,16.33,"12,557",327,"37,859"
2026-07-10 04:19:31,ACI,ILP,Interloop Limited,104.79,105.98,1.19,1.14%,5.10%,14.13,"5,479",361,"38,306"
2026-07-10 04:19:31,ACI,GATM,Gul Ahmed Textile Mills Limited,28.79,29.15,0.36,1.25%,0.93%,2.82,"5,122",239,"6,953"
2026-07-10 04:19:31,ACI,ASL,Aisha Steel Mills Limited,12.94,13.00,0.06,0.46%,0.73%,0.83,"4,130",420,"5,460"
2026-07-10 04:19:31,ACI,SAZEW,Sazgar Engineering Works Limited,"2,054.39","2,054.37",-0.02,0.00%,7.46%,-0.02,"2,977",27,"56,036"
2026-07-10 04:19:31,ACI,GLAXO,GlaxoSmithKline Pakistan Limited,370.22,372.75,2.53,0.68%,4.07%,6.83,"2,793",82,"30,610"
2026-07-10 04:19:31,ACI,NML,Nishat Mills Limited,153.56,154.96,1.40,0.91%,4.21%,9.38,550,204,"31,610"
2026-07-10 04:19:31,ACI,MTL,Millat Tractors Limited,298.47,298.47,0.00,0.00%,9.20%,0.00,374,232,"69,099"
2026-07-10 04:19:31,ACI,NATF,National Foods Limited,394.63,395.88,1.25,0.32%,3.96%,3.09,153,75,"29,746"
2026-07-10 04:19:31,ACI,CSAP,Crescent Steel & Allied Products Limited,108.57,106.12,-2.45,-2.26%,0.64%,-3.63,2,45,"4,780"
2026-07-10 04:19:31,ACI,ISL,International Steels Limited,91.10,91.10,-0.69,-0.75%,2.38%,0.00,0,196,"17,882"
2026-07-10 04:19:31,ACI,KTML,Kohinoor Textile Mills Limited,51.37,51.37,-0.09,-0.18%,2.37%,0.00,0,347,"17,836"
2026-07-10 04:19:31,JSGBKTI,BOP,The Bank of Punjab,35.96,36.30,0.34,0.95%,11.37%,88.51,"234,273","4,275","155,172"
2026-07-10 04:19:31,JSGBKTI,UBL,United Bank Limited,479.01,483.00,3.99,0.83%,13.74%,94.33,"72,321",388,"187,509"
2026-07-10 04:19:31,JSGBKTI,NBP,National Bank of Pakistan,209.67,211.40,1.73,0.83%,10.54%,71.71,"33,010",681,"143,884"
2026-07-10 04:19:31,JSGBKTI,MEBL,Meezan Bank Limited,544.60,551.50,6.90,1.27%,14.99%,155.86,"29,453",371,"204,567"
2026-07-10 04:19:31,JSGBKTI,BAFL,Bank Alfalah Limited,58.76,58.86,0.10,0.17%,13.04%,18.41,"29,048","3,023","177,938"
2026-07-10 04:19:31,JSGBKTI,MCB,MCB Bank Limited,413.11,416.00,2.89,0.70%,13.25%,76.47,"6,011",434,"180,744"
2026-07-10 04:19:31,JSGBKTI,HBL,Habib Bank Limited,308.89,311.00,2.11,0.68%,11.62%,65.49,"5,095",510,"158,508"
2026-07-10 04:19:31,JSGBKTI,BAHL,Bank AL Habib Limited,176.21,176.90,0.69,0.39%,11.45%,37.11,14,883,"156,231"
2026-07-10 04:19:31,MII30,KEL,K-Electric Limited,7.94,8.00,0.06,0.76%,0.74%,1.33,"1,502,334","2,762","22,092"
2026-07-10 04:19:31,MII30,MLCF,Maple Leaf Cement Factory Limited,102.77,104.30,1.53,1.49%,1.66%,5.78,"556,435",471,"49,167"
2026-07-10 04:19:31,MII30,PAEL,Pak Elektron Limited,45.07,45.32,0.25,0.56%,0.78%,1.02,"238,032",508,"23,023"
2026-07-10 04:19:31,MII30,FCCL,Fauji Cement Company Limited,55.47,56.45,0.98,1.77%,1.63%,6.74,"215,427",858,"48,462"
2026-07-10 04:19:31,MII30,DGKC,D.G. Khan Cement Company Limited,223.30,225.92,2.62,1.17%,1.67%,4.60,"184,738",219,"49,490"
2026-07-10 04:19:31,MII30,OGDC,Oil & Gas Development Company Limited,333.55,335.49,1.94,0.58%,7.29%,10.03,"93,891",645,"216,438"
2026-07-10 04:19:31,MII30,PPL,Pakistan Petroleum Limited,235.62,237.40,1.78,0.76%,5.35%,9.55,"43,387",669,"158,932"
2026-07-10 04:19:31,MII30,PSO,Pakistan State Oil Company Limited,350.67,352.98,2.31,0.66%,2.79%,4.34,"35,820",235,"82,857"
2026-07-10 04:19:31,MII30,MEBL,Meezan Bank Limited,544.60,551.50,6.90,1.27%,8.36%,24.88,"29,453",450,"248,251"
2026-07-10 04:19:31,MII30,SEARL,The Searle Company Limited,95.48,96.40,0.92,0.96%,0.95%,2.17,"26,997",294,"28,352"
2026-07-10 04:19:31,MII30,LUCK,Lucky Cement Limited,466.59,472.50,5.91,1.27%,6.99%,20.81,"25,834",440,"207,664"
2026-07-10 04:19:31,MII30,HUBC,The Hub Power Company Limited,226.93,228.75,1.82,0.80%,7.49%,14.19,"19,902",973,"222,543"
2026-07-10 04:19:31,MII30,SYS,Systems Limited,143.27,144.99,1.72,1.20%,4.32%,12.18,"18,880",884,"128,177"
2026-07-10 04:19:31,MII30,JVDC,Javedan Corporation Limited,149.04,150.00,0.96,0.64%,0.96%,1.46,"14,399",190,"28,565"
2026-07-10 04:19:31,MII30,ATRL,Attock Refinery Limited,911.75,914.50,2.75,0.30%,1.31%,0.94,"14,138",43,"39,000"
2026-07-10 04:19:31,MII30,SNGP,Sui Northern Gas Pipelines Limited,114.23,115.75,1.52,1.33%,0.99%,3.09,"12,557",254,"29,364"
2026-07-10 04:19:31,MII30,ENGROH,Engro Holdings Limited,279.99,282.00,2.01,0.72%,9.15%,15.51,"9,599",963,"271,675"
2026-07-10 04:19:31,MII30,FFC,Fauji Fertilizer Company Limited,561.81,564.00,2.19,0.39%,15.03%,13.89,"7,054",791,"446,385"
2026-07-10 04:19:31,MII30,MARI,Mari Energies Limited,675.65,680.00,4.35,0.64%,5.50%,8.37,"7,028",240,"163,285"
2026-07-10 04:19:31,MII30,ILP,Interloop Limited,104.79,105.98,1.19,1.14%,1.00%,2.67,"5,479",280,"29,711"
2026-07-10 04:19:31,MII30,FATIMA,Fatima Fertilizer Company Limited,163.22,164.50,1.28,0.78%,1.74%,3.23,"4,736",315,"51,818"
2026-07-10 04:19:31,MII30,SAZEW,Sazgar Engineering Works Limited,"2,054.39","2,054.37",-0.02,0.00%,1.46%,0.00,"2,977",21,"43,462"
2026-07-10 04:19:31,MII30,GLAXO,GlaxoSmithKline Pakistan Limited,370.22,372.75,2.53,0.68%,0.80%,1.29,"2,793",64,"23,742"
2026-07-10 04:19:31,MII30,FABL,Faysal Bank Limited,101.32,101.87,0.55,0.54%,1.56%,2.01,"1,535",455,"46,382"
2026-07-10 04:19:31,MII30,EFERT,Engro Fertilizers Limited,195.68,195.17,-0.51,-0.26%,3.95%,-2.46,947,601,"117,275"
2026-07-10 04:19:31,MII30,NML,Nishat Mills Limited,153.56,154.96,1.40,0.91%,0.83%,1.77,550,158,"24,518"
2026-07-10 04:19:31,MII30,MTL,Millat Tractors Limited,298.47,298.47,0.00,0.00%,1.80%,0.00,374,180,"53,595"
2026-07-10 04:19:31,MII30,CHCC,Cherat Cement Company Limited,324.30,328.80,4.50,1.39%,1.18%,3.85,300,107,"35,136"
2026-07-10 04:19:31,MII30,COLG,Colgate-Palmolive (Pakistan) Limited,"1,247.61","1,247.00",-0.61,-0.05%,1.02%,-0.12,41,24,"30,274"
2026-07-10 04:19:31,MII30,SRVI,Service Industries Limited,"2,155.45","2,155.45",-0.52,-0.02%,1.70%,0.00,0,23,"50,640"
