ScrapeTimestamp,IndexCode,SYMBOL,NAME,LDCP,CURRENT,CHANGE,CHANGE (%),IDX WTG (%),IDX POINT,VOLUME,FREEFLOAT (M),MARKET CAP (M)
2026-06-24 14:47:15,ALLSHR,786,786 Investments Limited,25.99,26.14,0.15,0.58%,0.00%,0.02,"61,191",20,522
2026-06-24 14:47:15,KMIALLSHR,AASMNC,Al-Abid Silk Mills Limited,3.49,3.49,0.34,10.79%,0.00%,0.0,0,13,47
2026-06-24 14:47:15,ALLSHR,ABL,Allied Bank Limited,179.02,179.19,0.17,0.10%,1.02%,1.05,"160,016","1,145","205,186"
2026-06-24 14:47:15,KMIALLSHR,ABOT,Abbott Laboratories (Pakistan) Limited,961.39,966.44,5.05,0.53%,0.72%,2.66,"45,924",98,"94,615"
2026-06-24 14:47:15,KMIALLSHR,ACPL,Attock Cement Pakistan Limited,220.79,225.48,4.69,2.12%,0.24%,3.46,"51,433",137,"30,987"
2026-06-24 14:47:15,KMIALLSHR,ADAMS,Adam Sugar Mills Limited,67.00,66.05,-0.95,-1.42%,0.01%,-0.09,"2,944",17,"1,142"
2026-06-24 14:47:15,ALLSHR,ADMM,Artistic Denim Mills Limited,65.10,66.31,1.21,1.86%,0.03%,0.55,"357,396",84,"5,570"
2026-06-24 14:47:15,ALLSHR,AGHA,Agha Steel Ind.Ltd,8.10,8.01,-0.09,-1.11%,0.02%,-0.29,"2,953,622",605,"4,845"
2026-06-24 14:47:15,KMIALLSHR,AGIL,Agriauto Industries Limited,166.00,160.88,-5.12,-3.08%,0.04%,-0.99,"39,677",36,"5,792"
2026-06-24 14:47:15,ALLSHR,AGL,Agritech Limited,52.74,52.22,-0.52,-0.99%,0.16%,-1.68,"392,128",599,"31,284"
2026-06-24 14:47:15,KMIALLSHR,AGP,AGP Limited,204.16,204.97,0.81,0.40%,0.44%,1.22,"663,971",280,"57,392"
2026-06-24 14:47:15,ALLSHR,AGSML,Abdullah Shah Ghazi Sugar Mills Limited,9.83,9.73,-0.1,-1.02%,0.00%,-0.04,"150,591",79,771
2026-06-24 14:47:15,KMIALLSHR,AGTL,Al-Ghazi Tractors Limited,386.13,388.73,2.6,0.67%,0.17%,0.81,"25,061",58,"22,532"
2026-06-24 14:47:15,PSXDIV20,AHCL,Arif Habib Corporation Limited,15.79,15.99,0.2,1.27%,4.20%,43.47,"1,868,446","5,870","93,862"
2026-06-24 14:47:15,KMIALLSHR,AHTM,Ahmad Hassan Textile Mills Limited,93.49,93.49,0.0,0.00%,0.01%,0.0,159,8,792
2026-06-24 14:47:15,ALLSHR,AICL,Adamjee Insurance Company Limited,80.15,79.61,-0.54,-0.67%,0.14%,-1.02,"590,685",350,"27,864"
2026-06-24 14:47:15,JSMFI,AIRLINK,Air Link Communication Limited,158.27,156.38,-1.89,-1.19%,3.20%,-16.71,"1,908,093",187,"29,180"
2026-06-24 14:47:15,ALLSHR,AKBL,Askari Bank Limited,107.80,109.02,1.22,1.13%,0.78%,9.54,"3,014,347","1,449","158,003"
2026-06-24 14:47:15,ALLSHR,AKDSL,AKD Securities Limited,39.95,40.34,0.39,0.98%,0.11%,1.17,"1,319,711",558,"22,503"
2026-06-24 14:47:15,KMIALLSHR,AKGL,Al-Khair Gadoon Limited,53.00,52.85,-0.15,-0.28%,0.00%,-0.01,500,10,529
2026-06-24 14:47:15,ALLSHR,ALAC,Askari Life Assurance Company Limited,22.76,22.94,0.18,0.79%,0.02%,0.15,"259,344",150,"3,445"
2026-06-24 14:47:15,KMIALLSHR,ALNRS,Al-Noor Sugar Mills Limited,128.47,128.47,0.0,0.00%,0.02%,0.0,78,20,"2,630"
2026-06-24 14:47:15,ALLSHR,ALTN,Altern Energy Limited,8.31,8.25,-0.06,-0.72%,0.01%,-0.12,"1,021,662",363,"2,998"
2026-06-24 14:47:15,ALLSHR,AMTEXNC,Amtex Limited,4.58,4.60,0.02,0.44%,0.01%,0.03,"625,647",259,"1,193"
2026-06-24 14:47:15,ACI,ANL,Azgard Nine Limited,10.90,11.10,0.2,1.84%,0.49%,2.14,"611,355",332,"3,685"
2026-06-24 14:47:15,ALLSHR,ANSM,Ansari Sugar Mills Limited,27.13,27.60,0.47,1.73%,0.01%,0.14,"552,683",56,"1,549"
2026-06-24 14:47:15,KMIALLSHR,ANTM,AN Textile Mills Limited,38.00,37.51,-0.49,-1.29%,0.00%,-0.03,"8,400",10,362
2026-06-24 14:47:15,PSXDIV20,APL,Attock Petroleum Limited,535.16,536.82,1.66,0.31%,2.72%,6.96,"23,856",113,"60,752"
2026-06-24 14:47:15,KMIALLSHR,ARCTM,Arctic Textile Mills Limited,39.06,37.91,-1.15,-2.94%,0.00%,-0.08,"53,729",13,499
2026-06-24 14:47:15,KMIALLSHR,ARPL,Archroma Pakistan Limited,399.98,399.98,0.0,0.00%,0.11%,0.0,"17,365",35,"13,825"
2026-06-24 14:47:15,ALLSHR,ARUJNC,Aruj Industries Limited,11.94,10.80,-1.14,-9.55%,0.00%,-0.06,"299,037",10,113
2026-06-24 14:47:15,KMIALLSHR,ASCNC,Al Shaheer Corporation Limited,11.09,12.20,1.11,10.01%,0.03%,2.24,"3,303,953",375,"4,574"
2026-06-24 14:47:15,KMIALLSHR,ASHT,Ashfaq Textile Mills Limited,36.00,36.00,0.0,0.00%,0.01%,0.0,243,47,"1,676"
2026-06-24 14:47:15,ACI,ASL,Aisha Steel Mills Limited,13.37,13.17,-0.2,-1.50%,0.77%,-2.87,"669,980",445,"5,864"
2026-06-24 14:47:15,ALLSHR,ASTL,Amreli Steels Limited,16.82,16.44,-0.38,-2.26%,0.03%,-0.69,"4,384,994",337,"5,540"
2026-06-24 14:47:15,KMIALLSHR,ASTM,Asim Textile Mills Limited,18.88,19.31,0.43,2.28%,0.00%,0.04,"33,037",15,293
2026-06-24 14:47:15,KMIALLSHR,ATBA,Atlas Battery Limited,222.58,223.85,1.27,0.57%,0.06%,0.24,"5,206",35,"7,839"
2026-06-24 14:47:15,KSE100PR,ATLHXD,Atlas Honda Limited,"1,716.03","1,716.84",0.81,0.05%,0.41%,0.11,"3,767",12,"21,304"
2026-06-24 14:47:15,MII30,ATRL,Attock Refinery Limited,905.49,889.40,-16.09,-1.78%,1.28%,-5.42,"580,638",43,"37,930"
2026-06-24 14:47:15,KMIALLSHR,AVN,Avanceon Limited,36.98,37.58,0.6,1.62%,0.12%,1.39,"1,973,476",430,"16,147"
2026-06-24 14:47:15,KMIALLSHR,AWTX,Allawasaya Tex. & Finishing Mills Ltd,"1,552.05","1,552.05",0.0,0.00%,0.01%,0.0,0,1,"1,242"
2026-06-24 14:47:15,JSGBKTI,BAFL,Bank Alfalah Limited,59.14,58.79,-0.35,-0.59%,13.64%,-59.85,"4,139,894","3,023","177,727"
2026-06-24 14:47:15,KMIALLSHR,BAFS,Baba Farid Sugar Mills Limited,286.74,289.00,2.26,0.79%,0.02%,0.11,246,9,"2,731"
2026-06-24 14:47:15,JSGBKTI,BAHL,Bank AL Habib Limited,166.22,167.95,1.73,1.04%,11.39%,86.42,"682,269",883,"148,327"
2026-06-24 14:47:15,KMIALLSHR,BATA,Bata Pakistan Limited,985.76,985.44,-0.32,-0.03%,0.06%,-0.01,441,8,"7,450"
2026-06-24 14:47:15,KMIALLSHR,BBFL,Big Bird Foods Limited,45.15,45.38,0.23,0.51%,0.10%,0.37,"1,080,457",299,"13,564"
2026-06-24 14:47:15,KMIALLSHR,BCL,Bolan Castings Limited,78.60,78.23,-0.37,-0.47%,0.01%,-0.02,"9,570",11,897
2026-06-24 14:47:15,KMIALLSHR,BECO,Beco Steel Limited,5.49,5.43,-0.06,-1.09%,0.05%,-0.4,"5,129,289","1,250","6,785"
2026-06-24 14:47:15,KMIALLSHR,BERG,Berger Paints Pakistan Limited,120.01,119.32,-0.69,-0.57%,0.02%,-0.09,"1,155,784",25,"2,930"
2026-06-24 14:47:15,KMIALLSHR,BFAGRO,Barkat Frisian Agro Limited,33.55,33.89,0.34,1.01%,0.08%,0.57,"963,147",310,"10,506"
2026-06-24 14:47:15,KMIALLSHR,BFBIO,BF Biosciences Limited,146.48,147.66,1.18,0.81%,0.10%,0.56,"123,829",88,"13,043"
2026-06-24 14:47:15,KMIALLSHR,BFMOD,B.F. Modaraba,22.33,22.46,0.13,0.58%,0.00%,0.01,"9,716",8,169
2026-06-24 14:47:15,ALLSHR,BGL,Baluchistan Glass Limited,11.84,11.74,-0.1,-0.84%,0.04%,-0.34,"194,068",639,"7,496"
2026-06-24 14:47:15,KMIALLSHR,BHAT,Bhanero Textile Mills Limited,897.54,897.54,0.0,0.00%,0.02%,0.0,11,3,"2,729"
2026-06-24 14:47:15,KMIALLSHR,BIFO,Biafo Industries Limited,128.19,130.08,1.89,1.47%,0.05%,0.47,"188,400",46,"6,033"
2026-06-24 14:47:15,KMIALLSHR,BIPL,BankIslami Pakistan Limited,26.62,26.82,0.2,0.75%,0.23%,1.19,"482,607","1,109","29,735"
2026-06-24 14:47:15,KMIALLSHR,BLUEX,Blue-Ex Limited,6.20,6.16,-0.04,-0.64%,0.01%,-0.06,"113,439",284,"1,751"
2026-06-24 14:47:15,ALLSHR,BML,Bank Makramah Limited,56.76,55.69,-1.07,-1.88%,0.28%,-5.77,"448,260","1,000","55,690"
2026-06-24 14:47:15,KMIALLSHR,BNL,Bunnys Limited,7.10,7.11,0.01,0.14%,0.04%,0.04,"2,793,332",668,"4,750"
2026-06-24 14:47:15,KMIALLSHR,BNWM,Bannu Woollen Mills Limited,66.69,66.48,-0.21,-0.31%,0.00%,-0.01,"15,429",10,632
2026-06-24 14:47:15,JSGBKTI,BOP,The Bank of Punjab,35.12,35.38,0.26,0.74%,11.61%,62.87,"18,657,800","4,275","151,240"
2026-06-24 14:47:15,KMIALLSHR,BPL,Burshane LPG (Pakistan) Limited,59.89,59.05,-0.84,-1.40%,0.01%,-0.1,"136,948",22,"1,328"
2026-06-24 14:47:15,KMIALLSHR,BTL,Blessed Textiles Limited,"1,140.00","1,139.73",-0.27,-0.02%,0.06%,-0.01,24,6,"7,331"
2026-06-24 14:47:15,KMIALLSHR,BUXL,Buxly Paints Limited,228.84,251.72,22.88,10.00%,0.00%,0.18,"47,462",1,362
2026-06-24 14:47:15,KSE100PR,BWCL,Bestway Cement Limited,475.48,477.04,1.56,0.33%,0.55%,0.99,"17,584",60,"28,444"
2026-06-24 14:47:15,KMIALLSHR,BWHL,Baluchistan Wheels Limited,217.01,217.84,0.83,0.38%,0.02%,0.06,"8,434",13,"2,905"
2026-06-24 14:47:15,KMIALLSHR,CCM,Crescent Cotton Mills Limited,44.01,46.38,2.37,5.39%,0.01%,0.29,"35,713",23,"1,051"
2026-06-24 14:47:15,KMIALLSHR,CEPB,Century Paper & Board Mills Limited,30.07,30.12,0.05,0.17%,0.09%,0.11,"401,034",402,"12,100"
2026-06-24 14:47:15,KMIALLSHR,CFL,Crescent Fibres Limited,63.84,62.88,-0.96,-1.50%,0.01%,-0.06,"1,171",12,781
2026-06-24 14:47:15,KMIALLSHR,CHAS,Chashma Sugar Mills Limited,91.99,101.19,9.2,10.00%,0.02%,1.42,"94,100",29,"2,903"
2026-06-24 14:47:15,ALLSHR,CHBL,Chenab Limited,10.04,10.19,0.15,1.49%,0.01%,0.09,"1,197,570",115,"1,172"
2026-06-24 14:47:15,MII30,CHCC,Cherat Cement Company Limited,323.53,339.33,15.8,4.88%,1.22%,13.34,"915,696",107,"36,262"
2026-06-24 14:47:15,ALLSHR,CJPLNC,Crescent Jute Products Limited,13.97,13.53,-0.44,-3.15%,0.00%,-0.06,"171,823",24,322
2026-06-24 14:47:15,ALLSHR,CLCPS,Chenab Limited (Pref),3.72,3.92,0.2,5.38%,0.00%,0.09,"511,822",80,314
2026-06-24 14:47:15,KMIALLSHR,CLOV,Clover Pakistan Limited,8.20,8.28,0.08,0.98%,0.02%,0.17,"838,032",389,"3,223"
2026-06-24 14:47:15,KMIALLSHR,CNERGY,Cnergyico PK Limited,8.15,8.20,0.05,0.61%,0.34%,1.48,"12,295,320","5,493","45,046"
2026-06-24 14:47:15,MII30,COLG,Colgate-Palmolive (Pakistan) Limited,"1,280.06","1,259.53",-20.53,-1.60%,1.03%,-3.94,"21,647",24,"30,578"
2026-06-24 14:47:15,KMIALLSHR,CPHL,Citi Pharma Ltd.,78.85,79.05,0.2,0.25%,0.14%,0.25,"1,795,318",228,"18,060"
2026-06-24 14:47:15,KMIALLSHR,CPPL,Cherat Packaging Limited,100.31,100.42,0.11,0.11%,0.04%,0.03,"16,659",49,"4,930"
2026-06-24 14:47:15,KMIALLSHR,CRTM,The Crescent Textile Mills Limited,68.23,69.12,0.89,1.30%,0.05%,0.48,"28,710",100,"6,912"
2026-06-24 14:47:15,PSXDIV20,CSAP,Crescent Steel & Allied Products Limited,116.63,115.06,-1.57,-1.35%,6.18%,-69.84,"1,170,227","1,201","138,233"
2026-06-24 14:47:15,ALLSHR,CSIL,Crescent Star Insurance Limited,5.87,5.81,-0.06,-1.02%,0.00%,-0.05,"1,208,003",149,863
2026-06-24 14:47:15,ALLSHR,CTM,Colony Textile Mills Limited,7.51,7.46,-0.05,-0.67%,0.02%,-0.13,"755,822",498,"3,715"
2026-06-24 14:47:15,KMIALLSHR,DAAG,Data Agro Limited,100.21,96.43,-3.78,-3.77%,0.00%,-0.08,"35,987",4,386
2026-06-24 14:47:15,KMIALLSHR,DADX,Dadex Eternit Limited,96.00,100.18,4.18,4.35%,0.01%,0.24,"7,532",11,"1,078"
2026-06-24 14:47:15,ALLSHR,DBCINC,Dadabhoy Cement Industries Limited,7.56,7.66,0.1,1.32%,0.00%,0.05,"82,112",98,752
2026-06-24 14:47:15,KMIALLSHR,DBSLNC,Dadabhoy Sack Limited,7.00,7.00,0.0,0.00%,0.00%,0.0,0,4,28
2026-06-24 14:47:15,KMIALLSHR,DCL,Dewan Cement Limited,11.51,11.55,0.04,0.35%,0.04%,0.1,"3,382,697",484,"5,592"
2026-06-24 14:47:15,KMIALLSHR,DCR,Dolmen City REIT,37.35,37.34,-0.01,-0.03%,0.63%,-0.12,"404,506","2,224","83,033"
2026-06-24 14:47:15,ALLSHR,DEL,Dawood Equities Limited,18.45,18.64,0.19,1.03%,0.00%,0.03,"67,924",28,513
2026-06-24 14:47:15,ALLSHR,DFML,Dewan Farooque Motors Limited,19.69,19.77,0.08,0.41%,0.03%,0.13,"2,323,103",300,"5,931"
2026-06-24 14:47:15,KMIALLSHR,DFSM,Dewan Farooque Spinning Mills Limited,19.69,21.49,1.8,9.14%,0.02%,0.95,"5,104,160",98,"2,101"
2026-06-24 14:47:15,MII30,DGKC,D.G. Khan Cement Company Limited,218.62,221.94,3.32,1.52%,1.64%,5.75,"6,039,710",219,"48,618"
2026-06-24 14:47:15,KMIALLSHR,DINT,Din Textile Mills Limited,78.95,83.62,4.67,5.92%,0.03%,1.32,"5,218",52,"4,387"
2026-06-24 14:47:15,ALLSHR,DLL,Dawood Lawrencepur Limited,55.01,55.42,0.41,0.75%,0.22%,1.77,"424,781",801,"44,378"
2026-06-24 14:47:15,KMIALLSHR,DMC,D.M. Corporation Limited.,192.09,199.83,7.74,4.03%,0.00%,0.13,135,3,610
2026-06-24 14:47:15,KMIALLSHR,DNCC,Dandot Cement Company Limited,19.70,19.66,-0.04,-0.20%,0.05%,-0.07,"110,111",316,"6,220"
2026-06-24 14:47:15,KMIALLSHR,DOL,Descon Oxychem Limited,31.55,31.55,0.0,0.00%,0.04%,0.0,"72,680",175,"5,522"
2026-06-24 14:47:15,ALLSHR,DSIL,D.S. Industries Limited,10.07,10.01,-0.06,-0.60%,0.00%,-0.03,"692,474",84,838
2026-06-24 14:47:15,KMIALLSHR,DSLNC,Dost Steels Limited,5.35,5.33,-0.02,-0.37%,0.02%,-0.05,"3,330,234",445,"2,370"
2026-06-24 14:47:15,KMIALLSHR,DWSMNC,Dewan Sugar Mills Limited,6.85,6.88,0.03,0.44%,0.00%,0.01,"94,745",92,630
2026-06-24 14:47:15,KMIALLSHR,DYNO,Dynea Pakistan Limited,340.66,334.97,-5.69,-1.67%,0.05%,-0.58,"3,237",19,"6,322"
2026-06-24 14:47:15,KMIALLSHR,ECOP,Ecopack Limited,53.97,57.44,3.47,6.43%,0.02%,0.9,"969,460",48,"2,772"
2026-06-24 14:47:15,MII30,EFERT,Engro Fertilizers Limited,199.38,200.21,0.83,0.42%,4.05%,3.94,"2,149,768",601,"120,303"
2026-06-24 14:47:15,KMIALLSHR,ELCM,Elahi Cotton Mills Limited,271.63,271.63,0.0,0.00%,0.00%,0.0,52,1,353
2026-06-24 14:47:15,KMIALLSHR,ELSM,Ellcot Spinning Mills Limited,120.04,120.04,0.0,0.00%,0.01%,0.0,2,11,"1,314"
2026-06-24 14:47:15,KMIALLSHR,EMCO,Emco Industries Limited,49.50,49.57,0.07,0.14%,0.01%,0.01,"12,058",35,"1,735"
2026-06-24 14:47:15,MII30,ENGROH,Engro Holdings Limited,279.11,281.07,1.96,0.70%,9.12%,14.92,"1,023,741",963,"270,779"
2026-06-24 14:47:15,KMIALLSHR,EPCL,Engro Polymer & Chemicals Limited,34.21,34.32,0.11,0.32%,0.24%,0.54,"365,346",909,"31,194"
2026-06-24 14:47:15,ALLSHR,EPCLPS,Engro Poly(Pref),12.20,12.20,0.0,0.00%,0.02%,0.0,"70,027",300,"3,660"
2026-06-24 14:47:15,KMIALLSHR,EPQL,Engro Powergen Qadirpur Limited,25.00,25.06,0.06,0.24%,0.06%,0.1,"383,147",324,"8,114"
2026-06-24 14:47:15,KMIALLSHR,EXIDE,Exide Pakistan Limited,555.87,558.19,2.32,0.42%,0.03%,0.1,"10,583",8,"4,336"
2026-06-24 14:47:15,MII30,FABL,Faysal Bank Limited,97.06,96.91,-0.15,-0.15%,1.49%,-0.54,"516,408",455,"44,124"
2026-06-24 14:47:15,KMIALLSHR,FANM,First Al-Noor Modaraba,7.57,7.06,-0.51,-6.74%,0.00%,-0.06,"299,674",23,163
2026-06-24 14:47:15,KMIALLSHR,FASM,Faisal Spinning Mills Limited,322.79,338.48,15.69,4.86%,0.03%,0.84,134,10,"3,385"
2026-06-24 14:47:15,MII30,FATIMA,Fatima Fertilizer Company Limited,161.01,163.11,2.1,1.30%,1.73%,5.23,"718,348",315,"51,380"
2026-06-24 14:47:15,MII30,FCCL,Fauji Cement Company Limited,56.75,58.36,1.61,2.84%,1.69%,10.92,"8,448,185",858,"50,102"
2026-06-24 14:47:15,ALLSHR,FCELNC,First Capital Equities Limited,5.19,5.20,0.01,0.19%,0.00%,0.01,"242,832",141,735
2026-06-24 14:47:15,JSMFI,FCEPL,Frieslandcampina Engro Pakistan Limited,111.19,112.77,1.58,1.42%,2.99%,18.15,"2,494,514",242,"27,342"
2026-06-24 14:47:15,KMIALLSHR,FCL,Fast Cables Limited,24.08,24.47,0.39,1.62%,0.12%,1.35,"5,176,453",645,"15,773"
2026-06-24 14:47:15,ALLSHR,FCSC,First Capital Securities Corporation,5.15,5.12,-0.03,-0.58%,0.01%,-0.05,"553,062",317,"1,621"
2026-06-24 14:47:15,ALLSHR,FDPL,First Dawood Properties Limited,4.95,4.88,-0.07,-1.41%,0.00%,-0.06,"427,847",148,724
2026-06-24 14:47:15,KMIALLSHR,FECM,First Elite Capital Modaraba,17.20,17.17,-0.03,-0.17%,0.00%,0.0,"3,731",11,195
2026-06-24 14:47:15,KMIALLSHR,FECTC,Fecto Cement Limited,122.20,120.98,-1.22,-1.00%,0.05%,-0.33,"378,141",50,"6,068"
2026-06-24 14:47:15,KMIALLSHR,FEM,First Equity Modaraba,11.10,11.20,0.1,0.90%,0.00%,0.03,"7,021",52,587
2026-06-24 14:47:15,KMIALLSHR,FEROZ,Ferozsons Laboratories Limited,402.37,407.48,5.11,1.27%,0.13%,1.19,"6,198",43,"17,713"
2026-06-24 14:47:15,MII30,FFC,Fauji Fertilizer Company Limited,555.64,558.68,3.04,0.55%,14.89%,19.01,"1,279,546",791,"442,174"
2026-06-24 14:47:15,ACI,FFL,Fauji Foods Limited,17.88,17.84,-0.04,-0.22%,1.62%,-0.89,"7,540,010",689,"12,298"
2026-06-24 14:47:15,KMIALLSHR,FFLM,First Fidelity Leasing Modaraba,24.75,22.28,-2.47,-9.98%,0.00%,-0.35,"648,165",26,588
2026-06-24 14:47:15,KMIALLSHR,FHAM,First Habib Modaraba,33.80,34.04,0.24,0.71%,0.03%,0.14,"7,856",111,"3,773"
2026-06-24 14:47:15,KMIALLSHR,FIBLM,First IBL Modaraba,11.50,11.68,0.18,1.57%,0.00%,0.02,"14,935",22,253
2026-06-24 14:47:15,KMIALLSHR,FILNC,Fateh Industries Limited,182.00,182.00,0.0,0.00%,0.00%,0.0,8,2,364
2026-06-24 14:47:15,KMIALLSHR,FIMM,First Imrooz Modaraba,215.92,215.92,0.0,0.00%,0.00%,0.0,37,3,648
2026-06-24 14:47:15,KMIALLSHR,FLYNG,Flying Cement Company Limited,45.15,45.10,-0.05,-0.11%,0.24%,-0.19,"51,818",695,"31,335"
2026-06-24 14:47:15,KMIALLSHR,FML,Feroze1888 Mills Limited,52.25,57.48,5.23,10.01%,0.17%,11.22,"345,638",399,"22,958"
2026-06-24 14:47:15,KMIALLSHR,FNBMNC,First National Bank Modaraba,0.64,0.64,0.0,0.00%,0.00%,0.0,0,25,16
2026-06-24 14:47:15,ALLSHR,FNEL,First National Equities Limited,1.25,1.25,0.0,0.00%,0.02%,0.0,"15,610,051","2,673","3,341"
2026-06-24 14:47:15,KMIALLSHR,FPJM,First Punjab Modaraba,7.80,7.79,-0.01,-0.13%,0.00%,0.0,"36,360",34,265
2026-06-24 14:47:15,KMIALLSHR,FPRM,First Paramount Modaraba,13.50,13.56,0.06,0.44%,0.00%,0.0,"58,579",14,187
2026-06-24 14:47:15,KMIALLSHR,FRCL,Frontier Ceramics Limited,72.65,72.65,0.0,0.00%,0.02%,0.0,40,38,"2,752"
2026-06-24 14:47:15,KMIALLSHR,FRSM,Faran Sugar Mills Limited,47.06,46.20,-0.86,-1.83%,0.01%,-0.18,"6,971",40,"1,825"
2026-06-24 14:47:15,KMIALLSHR,FTMM,First Treet Manufacturing Modaraba,16.97,16.80,-0.17,-1.00%,0.03%,-0.18,"1,364",196,"3,286"
2026-06-24 14:47:15,KMIALLSHR,FTSM,First Tri-Star Modaraba,32.23,35.45,3.22,9.99%,0.01%,0.37,"226,787",21,750
2026-06-24 14:47:15,KMIALLSHR,FZCM,Fazal Cloth Mills Limited,255.11,255.11,0.0,0.00%,0.06%,0.0,831,30,"7,653"
2026-06-24 14:47:15,KMIALLSHR,GADT,Gadoon Textile Mills Limited,306.76,309.02,2.26,0.74%,0.07%,0.34,"50,691",28,"8,662"
2026-06-24 14:47:15,KMIALLSHR,GAL,Ghandhara Automobiles Limited,518.49,544.23,25.74,4.96%,0.24%,7.88,"877,178",57,"31,022"
2026-06-24 14:47:15,ALLSHR,GAMONNC,Gammon Pakistan Limited,20.43,20.60,0.17,0.83%,0.00%,0.03,"70,216",28,582
2026-06-24 14:47:15,KMIALLSHR,GATI,Gatron (Industries) Limited,88.83,88.84,0.01,0.01%,0.07%,0.01,"17,008",109,"9,659"
2026-06-24 14:47:15,ACI,GATM,Gul Ahmed Textile Mills Limited,29.27,30.85,1.58,5.40%,1.03%,12.88,"7,793,920",253,"7,807"
2026-06-24 14:47:15,KMIALLSHR,GCIL,Ghani Chemical Industries Limited,34.46,34.79,0.33,0.96%,0.15%,1.01,"7,638,911",570,"19,846"
2026-06-24 14:47:15,KMIALLSHR,GCWL,Ghani Chemworld Limited,16.93,16.87,-0.06,-0.35%,0.03%,-0.08,"2,073,863",250,"4,220"
2026-06-24 14:47:15,ALLSHR,GCWLR,Ghani Chemworld Limited Right,7.01,8.01,1.0,14.27%,0.00%,0.01,"195,893",1,10
2026-06-24 14:47:15,KMIALLSHR,GDL,Ghani Dairies Limited,20.79,20.56,-0.23,-1.11%,0.07%,-0.53,"751,591",429,"8,824"
2026-06-24 14:47:15,KMIALLSHR,GEMBCEM,Burj Clean Energy Modaraba(GEM),11.01,11.00,-0.01,-0.09%,0.01%,-0.01,"1,000",100,"1,100"
2026-06-24 14:47:15,KMIALLSHR,GEMMEL,Mughal Energy Limited(GEM),22.48,22.48,0.0,0.00%,0.03%,0.0,0,194,"4,363"
2026-06-24 14:47:15,KMIALLSHR,GEMPACRA,The Pakistan Credit Rating Agency Ltd,40.72,43.86,3.14,7.71%,0.02%,1.26,"1,350",75,"3,269"
2026-06-24 14:47:15,KMIALLSHR,GEMPAPL,Pak Agro Packaging Limited(GEM),10.25,10.25,0.0,0.00%,0.00%,0.0,0,20,205
2026-06-24 14:47:15,KMIALLSHR,GFIL,Ghazi Fabrics International Limited,31.00,30.67,-0.33,-1.06%,0.01%,-0.06,"190,638",33,"1,001"
2026-06-24 14:47:15,KMIALLSHR,GGGL,Ghani Global Glass Limited,9.15,9.20,0.05,0.55%,0.02%,0.06,"628,143",240,"2,208"
2026-06-24 14:47:15,KMIALLSHR,GGL,Ghani Global Holdings Limited,23.66,23.54,-0.12,-0.51%,0.06%,-0.23,"2,032,065",354,"8,336"
2026-06-24 14:47:15,KMIALLSHR,GHGL,Ghani Glass Limited,37.19,38.78,1.59,4.28%,0.29%,8.54,"2,682,566","1,000","38,769"
2026-06-24 14:47:15,KMIALLSHR,GHNI,Ghandhara Industries Limited,952.35,968.57,16.22,1.70%,0.31%,3.71,"232,559",43,"41,270"
2026-06-24 14:47:15,KMIALLSHR,GIL,Good Luck Industries Ltd.,"1,926.12","1,000.00",50.0,5.26%,0.00%,0.0,0,0,300
2026-06-24 14:47:15,MII30,GLAXO,GlaxoSmithKline Pakistan Limited,359.21,366.89,7.68,2.14%,0.79%,3.86,"211,025",64,"23,368"
2026-06-24 14:47:15,KMIALLSHR,GOC,GOC (Pak) Limited.,114.14,112.11,-2.03,-1.78%,0.01%,-0.08,"1,450",7,824
2026-06-24 14:47:15,ALLSHR,GRR,Globe Residency REIT,19.77,19.95,0.18,0.91%,0.01%,0.14,"296,649",140,"2,793"
2026-06-24 14:47:15,ALLSHR,GSPMNC,Gulshan Spinning Mills Limited,6.21,6.35,0.14,2.25%,0.00%,0.02,"63,192",22,141
2026-06-24 14:47:15,KMIALLSHR,GTYR,Ghandhara Tyre & Rubber Company Limited,31.20,31.49,0.29,0.93%,0.03%,0.19,"207,760",122,"3,840"
2026-06-24 14:47:15,ALLSHR,GUSMNC,Gulistan Spinning Mills Limited,9.07,10.01,0.94,10.36%,0.00%,0.07,"265,085",15,147
2026-06-24 14:47:15,KMIALLSHR,GVGL,Ghani Value Glass Limited,55.77,55.98,0.21,0.38%,0.06%,0.17,"3,032",150,"8,394"
2026-06-24 14:47:15,KMIALLSHR,GWLC,Gharibwal Cement Limited,55.72,55.65,-0.07,-0.13%,0.17%,-0.15,"733,053",400,"22,275"
2026-06-24 14:47:15,KMIALLSHR,HAEL,Hala Enterprises Limited,27.55,27.16,-0.39,-1.42%,0.00%,-0.03,"39,913",13,353
2026-06-24 14:47:15,KMIALLSHR,HAFL,Hafiz Limited,428.54,450.03,21.49,5.02%,0.00%,0.14,887,1,540
2026-06-24 14:47:15,KMIALLSHR,HALEON,Haleon Pakistan Limited,785.18,802.92,17.74,2.26%,0.72%,11.16,"205,693",117,"93,985"
2026-06-24 14:47:15,ALLSHR,HASCOLNC,Hascol Petroleum Limited,20.74,20.33,-0.41,-1.98%,0.10%,-2.21,"6,740,353",999,"20,312"
2026-06-24 14:47:15,KMIALLSHR,HATMNC,Hamid Textile Mills Limited,0.97,0.97,0.0,0.00%,0.00%,0.0,0,13,13
2026-06-24 14:47:15,JSGBKTI,HBL,Habib Bank Limited,292.99,294.10,1.11,0.38%,11.51%,32.0,"1,880,768",510,"149,895"
2026-06-24 14:47:15,KMIALLSHR,HCARXD,Honda Atlas Cars (Pakistan) Limited,241.33,240.45,-0.88,-0.36%,0.26%,-0.68,"635,606",143,"34,336"
2026-06-24 14:47:15,KSE100PR,HGFA,HBL Growth Fund,18.72,18.39,-0.33,-1.76%,0.09%,-0.93,"14,324",265,"4,879"
2026-06-24 14:47:15,ALLSHR,HIFA,HBL Investment Fund,5.98,5.94,-0.04,-0.67%,0.01%,-0.06,"80,692",284,"1,688"
2026-06-24 14:47:15,KMIALLSHR,HINO,Hinopak Motors Limited,443.03,441.27,-1.76,-0.40%,0.08%,-0.23,"18,531",25,"10,944"
2026-06-24 14:47:15,KMIALLSHR,HINOON,Highnoon Laboratories Limited,975.39,997.93,22.54,2.31%,0.40%,6.42,"44,859",53,"52,874"
2026-06-24 14:47:15,ALLSHR,HIRATNC,Hira Textile Mills Limited,6.53,6.66,0.13,1.99%,0.00%,0.06,"551,152",87,577
2026-06-24 14:47:15,PSXDIV20,HMB,Habib Metropolitan Bank Limited,113.20,114.84,1.64,1.45%,3.22%,38.09,"597,223",627,"72,035"
2026-06-24 14:47:15,KMIALLSHR,HPL,Hoechst Pakistan Limited,"4,011.86","4,015.00",3.14,0.08%,0.29%,0.16,"4,669",10,"38,724"
2026-06-24 14:47:15,KMIALLSHR,HRPL,Habib Rice Product Limited.,21.12,21.10,-0.02,-0.09%,0.01%,0.0,"162,082",40,844
2026-06-24 14:47:15,KMIALLSHR,HTL,Hi-Tech Lubricants Limited,44.00,44.02,0.02,0.05%,0.05%,0.01,"199,846",139,"6,128"
2026-06-24 14:47:15,MII30,HUBC,The Hub Power Company Limited,231.81,231.41,-0.4,-0.17%,7.58%,-3.07,"3,198,012",973,"225,131"
2026-06-24 14:47:15,ALLSHR,HUMNL,Hum Network Limited,11.12,11.07,-0.05,-0.45%,0.06%,-0.31,"3,846,674","1,134","12,553"
2026-06-24 14:47:15,ALLSHR,HWQSNC,Haseeb Waqas Sugar Mills Limited,19.93,19.73,-0.2,-1.00%,0.00%,-0.03,"139,816",32,639
2026-06-24 14:47:15,KMIALLSHR,IBFL,Ibrahim Fibres Limited,230.09,230.09,0.0,0.00%,0.54%,0.0,15,311,"71,445"
2026-06-24 14:47:15,KMIALLSHR,IBLHL,IBL HealthCare Limited,51.40,53.61,2.21,4.30%,0.04%,1.17,"598,848",99,"5,282"
2026-06-24 14:47:15,KMIALLSHR,ICCI,ICC Industries Limited,12.60,12.92,0.32,2.54%,0.00%,0.05,"13,922",30,388
2026-06-24 14:47:15,ALLSHR,ICIBL,Invest Capital Investment Bank Limited,4.41,4.39,-0.02,-0.45%,0.01%,-0.03,"522,971",285,"1,251"
2026-06-24 14:47:15,KMIALLSHR,ICL,Ittehad Chemicals Limted,151.26,150.98,-0.28,-0.18%,0.11%,-0.15,"30,484",100,"15,098"
2026-06-24 14:47:15,KMIALLSHR,IDRT,Idrees Textile Mills Limited,44.53,47.95,3.42,7.68%,0.01%,0.36,"315,928",20,952
2026-06-24 14:47:15,KMIALLSHR,IDSM,Ideal Spinning Mills Limited,71.06,74.51,3.45,4.86%,0.01%,0.18,"53,817",10,739
2026-06-24 14:47:15,ALLSHR,IGIHL,IGI Holdings Limited,283.67,280.26,-3.41,-1.20%,0.20%,-2.62,"234,159",143,"39,974"
2026-06-24 14:47:15,MII30,ILP,Interloop Limited,92.81,99.58,6.77,7.29%,0.94%,15.0,"9,687,570",280,"27,916"
2026-06-24 14:47:15,KMIALLSHR,IMAGE,Image Pakistan Limited,25.84,26.01,0.17,0.66%,0.05%,0.21,"239,068",230,"5,992"
2026-06-24 14:47:15,ALLSHR,IMS,Intermarket Securities Limited,20.20,20.66,0.46,2.28%,0.13%,3.2,"376,024","1,288","26,600"
2026-06-24 14:47:15,KSE100PR,INDU,Indus Motor Company Limited,"2,041.02","2,070.34",29.32,1.44%,0.56%,4.37,"16,131",14,"28,950"
2026-06-24 14:47:15,ACI,INIL,International Industries Limited,167.13,168.95,1.82,1.09%,1.81%,4.76,"126,639",81,"13,715"
2026-06-24 14:47:15,KMIALLSHR,INKL,International Knitwear Limited,111.38,100.26,-11.12,-9.98%,0.01%,-0.58,"112,006",10,970
2026-06-24 14:47:15,KMIALLSHR,IPAKXB,International Packaging Films Limited,34.78,35.00,0.22,0.63%,0.20%,0.87,"360,138",735,"25,732"
2026-06-24 14:47:15,KMIALLSHR,IREIT,Image Reit,8.12,8.11,-0.01,-0.12%,0.02%,-0.01,"619,650",276,"2,237"
2026-06-24 14:47:15,KMIALLSHR,ISIL,Ismail Industries Limited,"1,951.19","1,958.00",6.81,0.35%,0.99%,2.43,140,66,"129,927"
2026-06-24 14:47:15,ACI,ISL,International Steels Limited,85.21,88.43,3.22,3.78%,2.43%,21.6,"424,058",208,"18,416"
2026-06-24 14:47:15,KMIALLSHR,ITANZ,Itanz Technologies Limited,43.59,43.42,-0.17,-0.39%,0.04%,-0.1,"2,829,926",108,"4,682"
2026-06-24 14:47:15,KMIALLSHR,ITTEFAQ,Ittefaq Iron Industries Limited,8.80,8.65,-0.15,-1.70%,0.01%,-0.12,"1,901,678",144,"1,249"
2026-06-24 14:47:15,KMIALLSHR,JATM,J.A. Textile Mills Limited,30.47,33.52,3.05,10.01%,0.00%,0.21,"69,966",13,422
2026-06-24 14:47:15,KMIALLSHR,JDMT,Janana De Malucho Textile Mills Limited,122.00,123.70,1.7,1.39%,0.01%,0.06,"7,298",7,855
2026-06-24 14:47:15,KMIALLSHR,JDWS,JDW Sugar Mills Limited,934.80,929.58,-5.22,-0.56%,0.41%,-1.62,282,58,"53,708"
2026-06-24 14:47:15,ALLSHR,JSBL,JS Bank Limited,12.41,12.52,0.11,0.89%,0.13%,1.22,"212,568","2,051","25,674"
2026-06-24 14:47:15,ALLSHR,JSCL,Jahangir Siddiqui & Co. Ltd.,21.65,21.92,0.27,1.25%,0.10%,1.33,"511,493",916,"20,077"
2026-06-24 14:47:15,KMIALLSHR,JSML,Jauharabad Sugar Mills Limited,70.93,70.63,-0.3,-0.42%,0.02%,-0.06,"161,970",34,"2,410"
2026-06-24 14:47:15,KMIALLSHR,JUBSNC,Jubilee Spinning & Weaving Mills Ltd.,53.23,50.70,-2.53,-4.75%,0.01%,-0.44,754,32,"1,647"
2026-06-24 14:47:15,MII30,JVDC,Javedan Corporation Limited,142.32,144.51,2.19,1.54%,0.93%,3.3,"1,377,543",190,"27,519"
2026-06-24 14:47:15,PSXDIV20,KAPCO,Kot Addu Power Company Limited,28.26,28.28,0.02,0.07%,8.03%,4.7,"1,144,184","6,348","179,521"
2026-06-24 14:47:15,KMIALLSHR,KCL,Karam Ceramics Limited,142.87,135.38,-7.49,-5.24%,0.01%,-0.59,214,15,"1,970"
2026-06-24 14:47:15,MII30,KEL,K-Electric Limited,8.42,8.75,0.33,3.92%,0.81%,7.2,"112,892,122","2,762","24,163"
2026-06-24 14:47:15,KMIALLSHR,KHYT,Khyber Textile Mills Limited,"1,644.60","1,628.28",-16.32,-0.99%,0.02%,-0.11,263,1,"1,999"
2026-06-24 14:47:15,ALLSHR,KML,Kohinoor Mills Limited,9.91,10.68,0.77,7.77%,0.03%,2.11,"8,624,082",509,"5,437"
2026-06-24 14:47:15,KMIALLSHR,KOHC,Kohat Cement Company Limited,102.58,106.01,3.43,3.34%,0.74%,16.94,"982,854",919,"97,456"
2026-06-24 14:47:15,KMIALLSHR,KOHE,Kohinoor Energy Limited,17.62,17.44,-0.18,-1.02%,0.02%,-0.16,"757,133",169,"2,955"
2026-06-24 14:47:15,KMIALLSHR,KOHTM,Kohat Textile Mills Limited,158.27,174.10,15.83,10.00%,0.03%,1.77,"992,894",21,"3,621"
2026-06-24 14:47:15,ALLSHR,KOIL,Kohinoor Industries Limited,47.77,48.04,0.27,0.57%,0.01%,0.04,"195,279",30,"1,456"
2026-06-24 14:47:15,ALLSHR,KOSM,Kohinoor Spinning Mills Limited,6.58,6.69,0.11,1.67%,0.02%,0.33,"20,610,130",553,"3,699"
2026-06-24 14:47:15,KMIALLSHR,KPUS,Khairpur Sugar Mills Limited,"2,297.36","2,385.67",88.31,3.84%,0.29%,7.6,"8,899",16,"38,212"
2026-06-24 14:47:15,KMIALLSHR,KSBP,KSB Pumps Company Limited,200.26,201.95,1.69,0.84%,0.05%,0.28,"155,300",31,"6,240"
2026-06-24 14:47:15,KMIALLSHR,KSTMNC,Khalid Siraj Textile Mills Limited,11.92,13.11,1.19,9.98%,0.00%,0.07,"60,022",11,140
2026-06-24 14:47:15,KMIALLSHR,KTML,Kohinoor Textile Mills Limited,53.23,54.68,1.45,2.72%,0.56%,10.49,"953,610","1,346","73,626"
2026-06-24 14:47:15,KMIALLSHR,LCI,Lucky Core Industries Limited,230.83,235.74,4.91,2.13%,0.83%,12.18,"138,601",462,"108,864"
2026-06-24 14:47:15,KMIALLSHR,LEUL,Leather Up Limited,46.76,45.91,-0.85,-1.82%,0.00%,-0.03,"5,452",6,275
2026-06-24 14:47:15,KMIALLSHR,LIVEN,Liven Pharma Limited,38.73,40.10,1.37,3.54%,0.03%,0.83,"488,601",113,"4,533"
2026-06-24 14:47:15,KMIALLSHR,LOADS,Loads Limited,14.60,14.63,0.03,0.21%,0.04%,0.06,"3,282,577",371,"5,431"
2026-06-24 14:47:15,KMIALLSHR,LOTCHEM,Lotte Chemical Pakistan Limited,28.22,28.07,-0.15,-0.53%,0.32%,-1.22,"4,843,195","1,514","42,504"
2026-06-24 14:47:15,KMIALLSHR,LPGL,Leiner Pak Gelatine Limited,100.02,100.75,0.73,0.73%,0.01%,0.03,"14,574",8,756
2026-06-24 14:47:15,ALLSHR,LPL,Lalpir Power Limited,20.38,20.61,0.23,1.13%,0.03%,0.35,"355,188",280,"5,767"
2026-06-24 14:47:15,ALLSHR,LSECL,LSE Capital Limited.,5.44,5.51,0.07,1.29%,0.01%,0.15,"1,128,100",387,"2,132"
2026-06-24 14:47:15,ALLSHR,LSEVL,LSE Ventures Limited,10.47,10.55,0.08,0.76%,0.02%,0.17,"783,650",399,"4,212"
2026-06-24 14:47:15,MII30,LUCK,Lucky Cement Limited,457.47,467.75,10.28,2.25%,6.92%,35.7,"1,991,650",440,"205,576"
2026-06-24 14:47:15,KMIALLSHR,MACFL,MACPAC Films Limited,70.72,70.08,-0.64,-0.90%,0.03%,-0.2,"368,166",59,"4,156"
2026-06-24 14:47:15,KMIALLSHR,MACTER,Macter International Limited,276.69,276.17,-0.52,-0.19%,0.10%,-0.13,"10,140",46,"12,652"
2026-06-24 14:47:15,MII30,MARI,Mari Energies Limited,656.72,662.80,6.08,0.93%,5.36%,11.54,"407,381",240,"159,155"
2026-06-24 14:47:15,JSGBKTI,MCB,MCB Bank Limited,398.83,403.75,4.92,1.23%,13.47%,120.91,"682,750",434,"175,422"
2026-06-24 14:47:15,ALLSHR,MDTL,Media Times Limited,6.01,6.06,0.05,0.83%,0.01%,0.05,"1,069,347",179,"1,084"
2026-06-24 14:47:15,MII30,MEBL,Meezan Bank Limited,511.24,514.26,3.02,0.59%,7.80%,10.74,"1,044,374",450,"231,488"
2026-06-24 14:47:15,KMIALLSHR,MEHT,Mehmood Textile Mills Limited,240.11,245.19,5.08,2.12%,0.06%,0.82,"7,780",30,"7,356"
2026-06-24 14:47:15,KMIALLSHR,MERIT,Merit Packaging Limited,10.38,10.18,-0.2,-1.93%,0.02%,-0.21,"60,949",200,"2,036"
2026-06-24 14:47:15,KMIALLSHR,MFFL,Mitchells Fruit Farms Limited,188.94,186.79,-2.15,-1.14%,0.03%,-0.26,"126,488",23,"4,273"
2026-06-24 14:47:15,KMIALLSHR,MFL,Matco Foods Limited,45.03,45.44,0.41,0.91%,0.04%,0.27,"474,463",122,"5,562"
2026-06-24 14:47:15,KMIALLSHR,MIRKS,Mirpurkhas Sugar Mills Limited,36.81,36.38,-0.43,-1.17%,0.02%,-0.15,"59,202",67,"2,421"
2026-06-24 14:47:15,MII30,MLCF,Maple Leaf Cement Factory Limited,103.30,107.15,3.85,3.73%,1.70%,14.34,"27,194,838",471,"50,511"
2026-06-24 14:47:15,KMIALLSHR,MQTM,Maqbool Textile Mills Limited,21.50,22.49,0.99,4.61%,0.00%,0.1,"4,294",18,415
2026-06-24 14:47:15,KMIALLSHR,MRNS,Mehran Sugar Mills Limited,63.05,63.64,0.59,0.94%,0.04%,0.24,"39,890",75,"4,768"
2026-06-24 14:47:15,KMIALLSHR,MSCL,Metropolitan Steel Corporation Limited,28.10,28.81,0.71,2.53%,0.01%,0.12,"70,581",31,892
2026-06-24 14:47:15,MII30,MTL,Millat Tractors Limited,308.65,310.22,1.57,0.51%,1.88%,2.23,"440,165",180,"55,704"
2026-06-24 14:47:15,KMIALLSHR,MUBTNC,Mubarak Textile Mills Limited,3.85,3.85,-1.0,-20.62%,0.00%,0.0,0,5,21
2026-06-24 14:47:15,ACI,MUGHAL,Mughal Iron & Steel Industries Limited,84.21,86.49,2.28,2.71%,1.31%,8.43,"1,280,819",115,"9,927"
2026-06-24 14:47:15,KSE100PR,MUREB,Murree Brewery Company Limited,920.00,919.27,-0.73,-0.08%,0.20%,-0.09,"14,548",11,"10,172"
2026-06-24 14:47:15,KMIALLSHR,MWMP,Mandviwala Mauser Plastic Industries,66.96,67.23,0.27,0.40%,0.01%,0.04,"26,266",29,"1,933"
2026-06-24 14:47:15,ACI,NATF,National Foods Limited,377.70,382.20,4.5,1.19%,4.01%,11.56,"184,808",80,"30,467"
2026-06-24 14:47:15,KMIALLSHR,NATM,Nadeem Textile Mills Limited,84.49,84.49,0.0,0.00%,0.01%,0.0,0,21,"1,797"
2026-06-24 14:47:15,JSGBKTI,NBP,National Bank of Pakistan,200.18,201.73,1.55,0.77%,10.54%,59.67,"6,728,453",681,"137,302"
2026-06-24 14:47:15,ALLSHR,NCL,Nishat Chunian Limited,39.26,40.21,0.95,2.42%,0.05%,1.23,"1,618,087",240,"9,655"
2026-06-24 14:47:15,KMIALLSHR,NCMLNC,Nazir Cotton Mills Limited,13.30,13.48,0.18,1.35%,0.00%,0.02,"2,250",23,310
2026-06-24 14:47:15,ALLSHR,NCPL,Nishat Chunian Power Limited,64.12,64.12,0.0,0.00%,0.12%,0.0,"2,844,484",367,"23,554"
2026-06-24 14:47:15,KMIALLSHR,NESTLE,Nestle Pakistan Limited,"7,615.96","7,649.62",33.66,0.44%,2.64%,8.2,904,45,"346,907"
2026-06-24 14:47:15,KMIALLSHR,NETSOL,NetSol Technologies Limited,131.83,134.47,2.64,2.00%,0.09%,1.27,"395,269",90,"12,080"
2026-06-24 14:47:15,ALLSHR,NEXT,Next Capital Limited,12.72,13.59,0.87,6.84%,0.00%,0.27,"77,826",57,774
2026-06-24 14:47:15,ALLSHR,NICL,Nimir Industrial Chemicals Limited,228.66,231.03,2.37,1.04%,0.13%,1.41,"165,306",111,"25,550"
2026-06-24 14:47:15,MII30,NML,Nishat Mills Limited,154.38,159.20,4.82,3.12%,0.85%,6.03,"4,550,512",158,"25,189"
2026-06-24 14:47:15,KMIALLSHR,NONS,Noon Sugar Mills Limited,93.97,95.95,1.98,2.11%,0.01%,0.18,"15,334",17,"1,585"
2026-06-24 14:47:15,ALLSHR,NPL,Nishat Power Limited,73.89,74.14,0.25,0.34%,0.13%,0.48,"1,257,436",354,"26,252"
2026-06-24 14:47:15,KMIALLSHR,NRL,National Refinery Limited,368.07,365.16,-2.91,-0.79%,0.22%,-1.25,"841,308",80,"29,201"
2026-06-24 14:47:15,KMIALLSHR,NRSL,Nimir Resins Limited,34.93,35.00,0.07,0.20%,0.04%,0.05,"345,763",141,"4,946"
2026-06-24 14:47:15,KMIALLSHR,NSRM,The National Silk & Rayon Mills Limited,203.00,195.08,-7.92,-3.90%,0.02%,-0.66,"5,038",16,"3,034"
2026-06-24 14:47:15,ALLSHR,OBOY,Oilboy Energy Limited,19.79,19.22,-0.57,-2.88%,0.00%,-0.15,"3,560,343",50,961
2026-06-24 14:47:15,KMIALLSHR,OCTOPUS,Octopus Digital Limited,35.14,35.21,0.07,0.20%,0.04%,0.06,"383,227",157,"5,537"
2026-06-24 14:47:15,MII30,OGDC,Oil & Gas Development Company Limited,338.17,339.96,1.79,0.53%,7.39%,9.12,"3,779,720",645,"219,322"
2026-06-24 14:47:15,KMIALLSHR,OLPM,OLP Modaraba,24.50,24.75,0.25,1.02%,0.01%,0.06,"12,224",45,"1,123"
2026-06-24 14:47:15,KMIALLSHR,OML,Olympia Mills Limited,37.60,37.00,-0.6,-1.60%,0.00%,-0.04,"10,537",12,444
2026-06-24 14:47:15,KMIALLSHR,ORM,Orient Rental Mod,10.35,10.49,0.14,1.35%,0.01%,0.06,"94,442",75,787
2026-06-24 14:47:15,KMIALLSHR,OTSU,Otsuka Pakistan Limited,299.98,301.65,1.67,0.56%,0.03%,0.11,"4,220",12,"3,650"
2026-06-24 14:47:15,ALLSHR,PABC,Pakistan Aluminium Beverage Cans Limited,113.02,115.90,2.88,2.55%,0.21%,5.61,"290,680",361,"41,852"
2026-06-24 14:47:15,ALLSHR,PACE,Pace (Pakistan) Limited,11.29,11.30,0.01,0.09%,0.02%,0.02,"6,159,742",310,"3,501"
2026-06-24 14:47:15,MII30,PAEL,Pak Elektron Limited,43.47,44.49,1.02,2.35%,0.76%,4.09,"31,348,609",508,"22,601"
2026-06-24 14:47:15,KMIALLSHR,PAKD,Pak Datacom Limited,134.60,132.16,-2.44,-1.81%,0.01%,-0.16,"58,266",12,"1,567"
2026-06-24 14:47:15,KMIALLSHR,PAKOXY,Pakistan Oxygen Limited,288.83,287.55,-1.28,-0.44%,0.19%,-0.6,"21,764",87,"25,053"
2026-06-24 14:47:15,KMIALLSHR,PAKQATAR,Pak Qatar Family Takaful Limited,22.03,21.83,-0.2,-0.91%,0.04%,-0.25,"1,969,612",231,"5,036"
2026-06-24 14:47:15,ALLSHR,PAKRI,Pakistan Reinsurance Company Limited,16.91,16.83,-0.08,-0.47%,0.08%,-0.39,"2,514,557",900,"15,147"
2026-06-24 14:47:15,KSE100PR,PAKT,Pakistan Tobacco Company Limited,"1,437.18","1,420.25",-16.93,-1.18%,0.35%,-2.28,"5,682",13,"17,919"
2026-06-24 14:47:15,ALLSHR,PASLNC,Pervez Ahmed Consultancy Services Ltd.,2.69,2.72,0.03,1.12%,0.00%,0.03,"257,213",187,507
2026-06-24 14:47:15,ALLSHR,PASMNC,Paramount Spinning Mills Limited,10.26,11.00,0.74,7.21%,0.00%,0.07,"538,628",17,191
2026-06-24 14:47:15,ALLSHR,PCAL,Pakistan Cables Limited,166.00,170.20,4.2,2.53%,0.05%,1.23,"89,371",54,"9,269"
2026-06-24 14:47:15,KSE100PR,PGLC,Pak-Gulf Leasing Company Limited,14.65,14.53,-0.12,-0.82%,0.00%,-0.01,"15,392",10,144
2026-06-24 14:47:15,ALLSHR,PIAHCLA,PIA Holding Company Limited,27.49,29.41,1.92,6.98%,0.76%,54.21,"21,872,379","5,234","153,925"
2026-06-24 14:47:15,KMIALLSHR,PIBTL,Pakistan International Bulk Terminal,17.70,18.64,0.94,5.31%,0.25%,9.02,"73,295,107","1,786","33,293"
2026-06-24 14:47:15,KMIALLSHR,PICT,Pakistan International Container,38.84,39.06,0.22,0.57%,0.03%,0.13,"175,342",109,"4,264"
2026-06-24 14:47:15,ALLSHR,PILNC,PICIC Insurance Limited,5.24,5.29,0.05,0.95%,0.00%,0.01,"68,223",35,185
2026-06-24 14:47:15,KMIALLSHR,PIM,Popular Islamic Modaraba,23.54,22.28,-1.26,-5.35%,0.00%,-0.14,"1,939",20,446
2026-06-24 14:47:15,ALLSHR,PINL,Premier Insurance Limited,9.50,9.32,-0.18,-1.90%,0.00%,-0.05,"56,322",51,471
2026-06-24 14:47:15,KMIALLSHR,PIOC,Pioneer Cement Limited,270.00,273.85,3.85,1.43%,0.47%,4.7,"326,636",227,"62,205"
2026-06-24 14:47:15,ALLSHR,PKGP,Pakgen Power Limited,46.85,43.13,-3.72,-7.94%,0.08%,-7.47,"597,859",372,"16,048"
2026-06-24 14:47:15,KMIALLSHR,PKGS,Packages Limited,786.55,789.78,3.23,0.41%,0.54%,1.55,"5,522",89,"70,590"
2026-06-24 14:47:15,KMIALLSHR,PMRS,The Premier Sugar Mills,629.99,692.99,63.0,10.00%,0.02%,1.27,"11,990",4,"2,599"
2026-06-24 14:47:15,PSXDIV20,POL,Pakistan Oilfields Limited,689.72,691.99,2.27,0.33%,6.42%,17.45,"183,372",208,"143,654"
2026-06-24 14:47:15,KMIALLSHR,POML,Punjab Oil Mills Limited,163.54,167.87,4.33,2.65%,0.01%,0.18,"6,707",8,"1,303"
2026-06-24 14:47:15,KMIALLSHR,POWER,Power Cement Limited,23.03,23.30,0.27,1.17%,0.23%,1.87,"1,801,949","1,291","30,069"
2026-06-24 14:47:15,MII30,PPL,Pakistan Petroleum Limited,244.32,247.98,3.66,1.50%,5.59%,19.36,"4,102,051",669,"166,015"
2026-06-24 14:47:15,KMIALLSHR,PPP,Pakistan Paper Products Limited,135.03,134.07,-0.96,-0.71%,0.01%,-0.04,"4,701",8,"1,073"
2026-06-24 14:47:15,KMIALLSHR,PQGTL,Pak Qatar General Takaful Limited,15.60,15.49,-0.11,-0.70%,0.01%,-0.06,"1,262,568",101,"1,566"
2026-06-24 14:47:15,KMIALLSHR,PREMA,At-Tahur Limited,35.15,36.02,0.87,2.48%,0.06%,1.02,"5,228,508",219,"7,875"
2026-06-24 14:47:15,KMIALLSHR,PRL,Pakistan Refinery Limited,35.43,35.29,-0.14,-0.39%,0.17%,-0.47,"5,045,907",630,"22,233"
2026-06-24 14:47:15,KMIALLSHR,PSEL,Pakistan Services Limited,918.40,915.49,-2.91,-0.32%,0.23%,-0.51,145,33,"29,776"
2026-06-24 14:47:15,MII30,PSO,Pakistan State Oil Company Limited,351.92,350.91,-1.01,-0.29%,2.77%,-1.87,"2,737,048",235,"82,371"
2026-06-24 14:47:15,ALLSHR,PSX,Pakistan Stock Exchange Limited,49.24,49.72,0.48,0.98%,0.20%,2.08,"1,881,724",801,"39,849"
2026-06-24 14:47:15,KMIALLSHR,PSYL,Pakistan Synthetics Limited,137.80,137.80,0.0,0.00%,0.15%,0.0,105,139,"19,113"
2026-06-24 14:47:15,JSMFI,PTC,Pakistan Telecommunication Company Ltd,65.35,66.14,0.79,1.21%,5.63%,29.09,"4,563,047",777,"51,397"
2026-06-24 14:47:15,KMIALLSHR,PTL,Panther Tyres Ltd.,54.01,56.35,2.34,4.33%,0.07%,2.11,"540,751",168,"9,467"
2026-06-24 14:47:15,KMIALLSHR,QTECH,Quantum Data Technologies Limited,45.22,47.18,1.96,4.33%,0.04%,1.28,"4,509,973",122,"5,736"
2026-06-24 14:47:15,KMIALLSHR,QUETNC,Quetta Textile Mills Limited,15.48,15.16,-0.32,-2.07%,0.00%,-0.02,"3,830",13,197
2026-06-24 14:47:15,KMIALLSHR,QUICE,Quice Food Industries Limited,33.86,34.73,0.87,2.57%,0.03%,0.46,"2,343,630",98,"3,420"
2026-06-24 14:47:15,KMIALLSHR,RCML,Reliance Cotton Spinning Mills Limited,400.22,400.22,2.23,0.56%,0.03%,0.0,0,11,"4,263"
2026-06-24 14:47:15,KMIALLSHR,REDCO,Redco Textiles Limited,30.57,30.05,-0.52,-1.70%,0.01%,-0.14,"2,209",49,"1,481"
2026-06-24 14:47:15,KMIALLSHR,REWM,Reliance Weaving Mills Limited,171.39,171.39,0.0,0.00%,0.04%,0.0,108,31,"5,281"
2026-06-24 14:47:15,ALLSHR,RICL,Reliance Insurance Company Limited,11.44,11.50,0.06,0.52%,0.01%,0.04,"68,671",131,"1,502"
2026-06-24 14:47:15,KMIALLSHR,RMPL,Rafhan Maize Products Company Limited,"9,516.09","9,506.37",-9.72,-0.10%,0.67%,-0.48,16,9,"87,805"
2026-06-24 14:47:15,KMIALLSHR,RPL,Roshan Packages Limited,16.44,16.65,0.21,1.28%,0.02%,0.16,"338,237",142,"2,363"
2026-06-24 14:47:15,KMIALLSHR,RUBYNC,Ruby Textile Mills Limited,17.10,16.89,-0.21,-1.23%,0.01%,-0.06,"7,078",52,882
2026-06-24 14:47:15,KMIALLSHR,RUPL,Rupali Polyester Limited,28.00,28.30,0.3,1.07%,0.01%,0.05,"1,171",34,964
2026-06-24 14:47:15,ALLSHR,SAIF,Saif Textile Mills Limited,43.11,44.42,1.31,3.04%,0.01%,0.19,"269,663",26,"1,173"
2026-06-24 14:47:15,KMIALLSHR,SANSM,Sanghar Sugar Mills Limited,120.02,120.02,0.0,0.00%,0.01%,0.0,80,12,"1,434"
2026-06-24 14:47:15,KMIALLSHR,SAPT,Sapphire Textile Mills Limited,"1,422.44","1,460.00",37.56,2.64%,0.24%,4.38,284,22,"31,667"
2026-06-24 14:47:15,KMIALLSHR,SARC,Sardar Chemical Industries Limited,70.06,77.07,7.01,10.01%,0.00%,0.23,"113,187",6,462
2026-06-24 14:47:15,KMIALLSHR,SASML,Sindh Abadgars Sugar Mills Limited,383.90,379.47,-4.43,-1.15%,0.03%,-0.25,345,10,"3,956"
2026-06-24 14:47:15,MII30,SAZEW,Sazgar Engineering Works Limited,"2,088.70","2,077.43",-11.27,-0.54%,1.48%,-1.88,"202,714",21,"43,950"
2026-06-24 14:47:15,ALLSHR,SBL,Samba Bank Limited,9.58,9.77,0.19,1.98%,0.05%,1.03,"7,103,854","1,008","9,850"
2026-06-24 14:47:15,KSE100PR,SCBPL,Standard Chartered Bank (Pak) Ltd,67.31,66.45,-0.86,-1.28%,0.25%,-1.77,"39,758",194,"12,863"
2026-06-24 14:47:15,KMIALLSHR,SCL,Shield Corporation Limited,765.09,765.09,-0.41,-0.05%,0.02%,0.0,0,4,"2,984"
2026-06-24 14:47:15,MII30,SEARL,The Searle Company Limited,93.32,95.49,2.17,2.33%,0.95%,5.04,"4,839,610",294,"28,084"
2026-06-24 14:47:15,KMIALLSHR,SEL,Sitara Energy Limited,31.09,30.73,-0.36,-1.16%,0.00%,-0.04,"28,108",19,587
2026-06-24 14:47:15,KMIALLSHR,SERT,Service Industries Textiles Limited,39.70,39.21,-0.49,-1.23%,0.00%,-0.04,"55,371",14,541
2026-06-24 14:47:15,KMIALLSHR,SGABLNC,SG.Allied Businesses Limited,126.00,126.00,0.0,0.00%,0.01%,0.0,0,15,"1,890"
2026-06-24 14:47:15,KMIALLSHR,SGF,Service GlobalFootwear Limited,122.03,126.30,4.27,3.50%,0.20%,4.74,"1,417,214",206,"26,077"
2026-06-24 14:47:15,KMIALLSHR,SGPL,S.G. Power Limited,60.21,66.23,6.02,10.00%,0.01%,0.58,"4,070,983",18,"1,181"
2026-06-24 14:47:15,KMIALLSHR,SHCM,Shadman Cotton Mills Limited,49.33,49.33,0.0,0.00%,0.01%,0.0,390,18,870
2026-06-24 14:47:15,KMIALLSHR,SHDT,Shadab Textile Mills Limited,61.83,68.01,6.18,10.00%,0.01%,0.76,"193,084",23,"1,554"
2026-06-24 14:47:15,KMIALLSHR,SHFA,Shifa International Hospitals Limited,510.04,520.98,10.94,2.15%,0.25%,3.72,"28,198",63,"32,933"
2026-06-24 14:47:15,KMIALLSHR,SHSML,Shahmurad Sugar Mills Limited,380.06,380.19,0.13,0.03%,0.06%,0.01,"111,312",21,"8,029"
2026-06-24 14:47:15,KMIALLSHR,SIEM,Siemens (Pakistan) Engineering,"1,559.57","1,545.02",-14.55,-0.93%,0.10%,-0.64,328,8,"12,742"
2026-06-24 14:47:15,KMIALLSHR,SINDM,Sindh Modaraba,22.87,22.62,-0.25,-1.09%,0.01%,-0.06,"2,117",45,"1,018"
2026-06-24 14:47:15,KMIALLSHR,SITC,Sitara Chemical Industries Limited,865.10,858.04,-7.06,-0.82%,0.14%,-0.81,"7,926",21,"18,387"
2026-06-24 14:47:15,KMIALLSHR,SKRSNC,Sakrand Sugar Mills Limited,27.91,28.15,0.24,0.86%,0.01%,0.06,"458,128",45,"1,256"
2026-06-24 14:47:15,KMIALLSHR,SLGL,Secure Logistics-Trax Group Limited,15.99,16.00,0.01,0.06%,0.05%,0.02,"1,620,065",422,"6,749"
2026-06-24 14:47:15,KMIALLSHR,SLM,Service Long March Tyres Limited,24.96,24.87,-0.09,-0.36%,1.48%,-3.77,"6,782,160","7,795","193,856"
2026-06-24 14:47:15,KMIALLSHR,SMCPL,Safe Mix Concrete Limited,46.59,45.76,-0.83,-1.78%,0.01%,-0.11,"44,446",25,"1,144"
2026-06-24 14:47:15,KMIALLSHR,SMLNC,Shakarganj Limited,118.29,118.29,0.0,0.00%,0.11%,0.0,23,125,"14,786"
2026-06-24 14:47:15,KMIALLSHR,SNAI,Sana Industries Limited,38.14,38.14,0.0,0.00%,0.01%,0.0,305,20,761
2026-06-24 14:47:15,ALLSHR,SNBL,Soneri Bank Limited,22.37,23.01,0.64,2.86%,0.13%,3.81,"1,507,753","1,102","25,368"
2026-06-24 14:47:15,MII30,SNGP,Sui Northern Gas Pipelines Limited,125.66,123.17,-2.49,-1.98%,1.05%,-4.99,"5,949,478",254,"31,247"
2026-06-24 14:47:15,ALLSHR,SPAC1,LSE SPAC-I Limited,17.50,17.62,0.12,0.69%,0.00%,0.02,"75,066",26,458
2026-06-24 14:47:15,KMIALLSHR,SPEL,SPEL Limited,51.26,51.58,0.32,0.62%,0.08%,0.34,"664,648",200,"10,302"
2026-06-24 14:47:15,KMIALLSHR,SPLNC,Sitara Peroxide Limited,66.34,68.16,1.82,2.74%,0.03%,0.54,"736,357",55,"3,756"
2026-06-24 14:47:15,KMIALLSHR,SPSL,Sitara Petroleum Service Limited,20.77,20.41,-0.36,-1.73%,0.26%,-3.25,"8,729,922","1,680","34,287"
2026-06-24 14:47:15,ALLSHR,SPWL,Saif Power Limited,10.16,10.01,-0.15,-1.48%,0.02%,-0.31,"1,593,057",386,"3,869"
2026-06-24 14:47:15,KMIALLSHR,SRR,Signature Residency Reit,16.15,16.14,-0.01,-0.06%,0.00%,0.0,"3,157,860",33,533
2026-06-24 14:47:15,MII30,SRVI,Service Industries Limited,"2,230.47","2,357.15",126.68,5.68%,1.86%,23.51,"258,264",23,"55,378"
2026-06-24 14:47:15,KMIALLSHR,SSGC,Sui Southern Gas Company Limited,32.94,32.04,-0.9,-2.73%,0.21%,-4.26,"20,069,542",881,"28,225"
2026-06-24 14:47:15,KMIALLSHR,SSMLNC,Saritow Spinning Mills Limited,25.00,25.71,0.71,2.84%,0.01%,0.11,"38,126",30,767
2026-06-24 14:47:15,KMIALLSHR,SSOM,S.S.Oil Mills Limited,479.35,472.91,-6.44,-1.34%,0.02%,-0.2,"29,316",6,"2,676"
2026-06-24 14:47:15,KMIALLSHR,STCL,Shabbir Tiles & Ceramics Limited,10.88,10.93,0.05,0.46%,0.02%,0.06,"347,855",239,"2,616"
2026-06-24 14:47:15,KMIALLSHR,STJT,Shahtaj Textile Limited,142.00,142.00,0.0,0.00%,0.01%,0.0,60,10,"1,372"
2026-06-24 14:47:15,KMIALLSHR,STL,Supernet Technologies Limited,50.20,50.12,-0.08,-0.16%,0.04%,-0.05,"250,178",108,"5,394"
2026-06-24 14:47:15,KMIALLSHR,STML,Shams Textile Mills Limited,45.30,44.48,-0.82,-1.81%,0.00%,-0.04,621,9,384
2026-06-24 14:47:15,ALLSHR,STPL,Siddiqsons Tin Plate Limited,8.45,8.42,-0.03,-0.36%,0.01%,-0.04,"994,220",229,"1,931"
2026-06-24 14:47:15,KMIALLSHR,STYLERS,Stylers International Limited,50.78,52.07,1.29,2.54%,0.19%,3.39,"33,188",489,"25,453"
2026-06-24 14:47:15,KMIALLSHR,SUHJNC,Suhail Jute Mills Limited,116.25,116.25,-1.57,-1.33%,0.00%,0.0,0,4,504
2026-06-24 14:47:15,KMIALLSHR,SURC,Suraj Cotton Mills Limited,140.38,140.84,0.46,0.33%,0.05%,0.12,"64,220",49,"6,874"
2026-06-24 14:47:15,KMIALLSHR,SWLNC,Standard Worldwide Limited,261.59,44.00,0.0,0.00%,0.00%,0.0,0,1,33
2026-06-24 14:47:15,KMIALLSHR,SYM,Symmetry Group Limited,10.90,11.30,0.4,3.67%,0.02%,0.61,"7,163,122",285,"3,223"
2026-06-24 14:47:15,MII30,SYS,Systems Limited,149.43,149.93,0.5,0.34%,4.46%,3.49,"1,144,815",884,"132,545"
2026-06-24 14:47:15,KMIALLSHR,SZTM,Shahzad Textile Mills Limited,64.88,71.37,6.49,10.00%,0.01%,0.63,"331,431",18,"1,283"
2026-06-24 14:47:15,KMIALLSHR,TATM,Tata Textile Mills Limited,133.72,135.72,2.0,1.50%,0.06%,0.6,"88,474",56,"7,599"
2026-06-24 14:47:15,ALLSHR,TBL,Treet Battery Limited.,10.66,10.94,0.28,2.63%,0.06%,1.64,"8,919,360","1,083","11,844"
2026-06-24 14:47:15,KMIALLSHR,TCORP,Tariq Corporation Limited,23.63,23.78,0.15,0.64%,0.01%,0.05,"49,613",66,"1,574"
2026-06-24 14:47:15,ALLSHR,TCORPCPS,Tariq Corporation Limited(Pref),10.90,10.91,0.01,0.09%,0.00%,0.0,"220,881",14,158
2026-06-24 14:47:15,KMIALLSHR,TELE,Telecard Limited,8.91,8.87,-0.04,-0.45%,0.02%,-0.07,"4,400,122",339,"3,004"
2026-06-24 14:47:15,KMIALLSHR,TGL,Tariq Glass Industries Limited,189.85,189.82,-0.03,-0.02%,0.25%,-0.03,"253,285",172,"32,681"
2026-06-24 14:47:15,KSE100PR,THALL,Thal Limited,621.42,635.98,14.56,2.34%,0.40%,5.03,"17,313",32,"20,613"
2026-06-24 14:47:15,KMIALLSHR,THCCL,Thatta Cement Company Limited,66.72,66.61,-0.11,-0.16%,0.25%,-0.29,"1,639,380",499,"33,211"
2026-06-24 14:47:15,KMIALLSHR,TICL,The Thal Industries Corporation Limited,867.78,880.07,12.29,1.42%,0.10%,0.99,205,15,"13,221"
2026-06-24 14:47:15,KMIALLSHR,TOMCL,The Organic Meat Company Limited,40.36,43.28,2.92,7.23%,0.06%,3.08,"20,043,142",196,"8,498"
2026-06-24 14:47:15,KMIALLSHR,TOWL,Towellers Limited,123.14,135.45,12.31,10.00%,0.02%,1.12,"167,461",17,"2,303"
2026-06-24 14:47:15,ALLSHR,TPL,TPL Corp Limited,16.44,16.42,-0.02,-0.12%,0.02%,-0.03,"6,931,369",267,"4,389"
2026-06-24 14:47:15,ALLSHR,TPLI,TPL Insurance Limited,27.04,25.60,-1.44,-5.32%,0.03%,-1.54,"190,902",199,"5,085"
2026-06-24 14:47:15,ALLSHR,TPLL,TPL Life Insurance Limited,24.81,27.29,2.48,10.00%,0.03%,3.0,"83,100",225,"6,127"
2026-06-24 14:47:15,ALLSHR,TPLP,TPL Properties Limited,10.83,10.57,-0.26,-2.40%,0.03%,-0.79,"7,551,552",561,"5,931"
2026-06-24 14:47:15,KMIALLSHR,TPLRF1,TPL REIT Fund I,9.69,9.37,-0.32,-3.30%,0.13%,-3.16,"2,320,209","1,835","17,194"
2026-06-24 14:47:15,ALLSHR,TPLT,TPL Trakker Limited,25.20,25.33,0.13,0.52%,0.02%,0.13,"209,205",187,"4,743"
2026-06-24 14:47:15,KMIALLSHR,TREET,Treet Corporation Limited,25.12,25.30,0.18,0.72%,0.07%,0.36,"3,785,743",371,"9,387"
2026-06-24 14:47:15,JSMFI,TRG,TRG Pakistan Limited,64.90,64.40,-0.5,-0.77%,5.61%,-18.84,"5,557,363",795,"51,204"
2026-06-24 14:47:15,ALLSHR,TRIPF,Tri-Pack Films Limited,162.55,163.04,0.49,0.30%,0.03%,0.1,"223,903",39,"6,326"
2026-06-24 14:47:15,KMIALLSHR,TRSM,Trust Modaraba,15.06,15.32,0.26,1.73%,0.00%,0.04,"384,791",30,457
2026-06-24 14:47:15,ALLSHR,TSBL,Trust Securities & Brokerage Limited,1.74,1.80,0.06,3.45%,0.01%,0.24,"13,508,738",750,"1,350"
2026-06-24 14:47:15,ALLSHR,TSMF,Tri-Star Mutual Fund Limited,18.20,17.56,-0.64,-3.52%,0.00%,-0.02,"80,719",5,88
2026-06-24 14:47:15,ALLSHR,TSPL,Tri-Star Power Limited,15.00,15.31,0.31,2.07%,0.00%,0.03,"4,265,606",15,230
2026-06-24 14:47:15,KMIALLSHR,UBDL,United Brands Limited,25.13,25.38,0.25,1.00%,0.02%,0.12,"5,673",92,"2,330"
2026-06-24 14:47:15,JSGBKTI,UBL,United Bank Limited,429.31,442.92,13.61,3.17%,13.20%,298.87,"2,491,426",388,"171,949"
2026-06-24 14:47:15,KMIALLSHR,UDLI,UDL International Limited,18.84,19.01,0.17,0.90%,0.01%,0.03,"250,538",35,668
2026-06-24 14:47:15,KMIALLSHR,UDPL,United Distributors Pakistan Limited,117.84,117.89,0.05,0.04%,0.03%,0.01,"18,383",35,"4,158"
2026-06-24 14:47:15,KMIALLSHR,UNITY,Unity Foods Limited,11.03,11.12,0.09,0.82%,0.10%,0.58,"7,087,488","1,194","13,278"
2026-06-24 14:47:15,KMIALLSHR,UPFL,Unilever Pakistan Foods Limited,"25,790.00","25,795.65",5.65,0.02%,1.25%,0.19,84,6,"164,317"
2026-06-24 14:47:15,KMIALLSHR,WAFI,Wafi Energy Pakistan Limited,194.45,191.08,-3.37,-1.73%,0.31%,-3.88,"188,028",214,"40,896"
2026-06-24 14:47:15,KMIALLSHR,WAHDAT,Wahdat Poultry Farm Limited,18.95,19.18,0.23,1.21%,0.05%,0.41,"1,022,676",335,"6,430"
2026-06-24 14:47:15,KMIALLSHR,WAHN,Wah Noble Chemicals Limited,290.92,291.87,0.95,0.33%,0.02%,0.05,503,9,"2,627"
2026-06-24 14:47:15,KMIALLSHR,WASL,Wasl Mobility Modaraba,5.44,5.43,-0.01,-0.18%,0.01%,-0.01,"722,181",161,873
2026-06-24 14:47:15,KMIALLSHR,WAVES,Waves Corporation Limited,10.93,10.90,-0.03,-0.27%,0.02%,-0.05,"4,158,569",281,"3,067"
2026-06-24 14:47:15,ALLSHR,WAVESAPP,Waves Home Appliances Limited,8.91,8.90,-0.01,-0.11%,0.01%,-0.01,"1,852,212",268,"2,384"
2026-06-24 14:47:15,ALLSHR,WTL,Worldcall Telecom Limited,1.25,1.26,0.01,0.80%,0.03%,0.27,"38,761,163","4,982","6,278"
2026-06-24 14:47:15,ALLSHR,YOUW,Yousaf Weaving Mills Limited,5.91,5.90,-0.01,-0.17%,0.01%,-0.01,"2,038,242",172,"1,017"
2026-06-24 14:47:15,KMIALLSHR,ZAHID,Zahidjee Textile Mills Limited,64.73,65.18,0.45,0.70%,0.09%,0.46,"33,545",191,"12,477"
2026-06-24 14:47:15,KMIALLSHR,ZAL,Zarea Limited,43.97,45.05,1.08,2.46%,0.09%,1.52,"1,379,729",263,"11,826"
2026-06-24 14:47:15,KMIALLSHR,ZIL,ZIL Limited,348.00,348.00,0.0,0.00%,0.02%,0.0,100,6,"2,131"
2026-06-24 14:47:15,KMIALLSHR,ZTL,Zephyr Textiles Limited,22.97,21.97,-1.0,-4.35%,0.01%,-0.32,"679,393",59,"1,306"
2026-06-24 14:47:15,ALLSHR,ZUMA,Zuma Resources Limited,111.97,104.71,-7.26,-6.48%,0.01%,-0.55,"1,862,510",14,"1,476"
